Code langue;Clé de pays;Région;Désignation;
FR;AD;02;Canillo;
FR;AD;03;Encamp;
FR;AD;04;La Massana;
FR;AD;05;Ordino;
FR;AD;06;Sant Julià de Lòria;
FR;AD;07;Andorre-la-Vieille;
FR;AD;08;Escaldes-Engordany;
FR;AE;AJ;Ajman;
FR;AE;AZ;Abou Dabi;
FR;AE;DU;Dubaï;
FR;AE;FU;Fujaïrah;
FR;AE;RK;Ras el Khaïmah;
FR;AE;SH;Charjah;
FR;AE;UQ;Oumm al Qaïwaïn;
FR;AF;BAL;Balkh;
FR;AF;BAM;Bamyan;
FR;AF;BDG;Badghis;
FR;AF;BDS;Badakhshan;
FR;AF;BGL;Baglan;
FR;AF;DAY;Daykundi;
FR;AF;FRA;Farah;
FR;AF;FYB;Faryab;
FR;AF;GHA;Ghazni;
FR;AF;GHO;Ghor;
FR;AF;HEL;Helmand;
FR;AF;HER;Hérat;
FR;AF;JOW;Djôzdjân;
FR;AF;KAB;Kaboul;
FR;AF;KAN;Kandahar;
FR;AF;KAP;Kâpîssâ;
FR;AF;KDZ;Kondôz;
FR;AF;KHO;Khost;
FR;AF;KNR;Kounar;
FR;AF;LAG;Laghmân;
FR;AF;LOG;Lôgar;
FR;AF;NAN;Nangarhâr;
FR;AF;NIM;Nimrôz;
FR;AF;NUR;Nouristan;
FR;AF;PAN;Pandjchir;
FR;AF;PAR;Parwân;
FR;AF;PIA;Paktiyâ;
FR;AF;PKA;Paktîkâ;
FR;AF;SAM;Samangân;
FR;AF;SAR;Sar-é Pol;
FR;AF;TAK;Takhâr;
FR;AF;URU;Orozgân;
FR;AF;WAR;Wardak;
FR;AF;ZAB;Zabol;
FR;AL;01;Bérat;
FR;AL;02;Durrës;
FR;AL;03;Elbasan;
FR;AL;04;Fier;
FR;AL;05;Gjirokastër;
FR;AL;06;Korçë;
FR;AL;07;Kukës;
FR;AL;08;Lezhë;
FR;AL;09;Dibër;
FR;AL;10;Shkodër;
FR;AL;11;Tirana;
FR;AL;12;Vlora;
FR;AM;AG;Aragatsotn;
FR;AM;AR;Ararat;
FR;AM;AV;Armavir;
FR;AM;ER;Erevan;
FR;AM;GR;Gegharkunik;
FR;AM;KT;Kotayk;
FR;AM;LO;Lori;
FR;AM;SH;Shirak;
FR;AM;SU;Syunik;
FR;AM;TV;Tavush;
FR;AM;VD;Vayots Dzor;
FR;AO;BGO;Bengo;
FR;AO;BGU;Benguela;
FR;AO;BIE;Bié;
FR;AO;CAB;Cabinda;
FR;AO;CCU;Kwando-Kubango;
FR;AO;CNN;Kunene;
FR;AO;CNO;Kwanza-Nord;
FR;AO;CUS;Kwanza-Sud;
FR;AO;HUA;Huambo;
FR;AO;HUI;Huila;
FR;AO;LNO;Lunda-Nord;
FR;AO;LSU;Lunda-Sud;
FR;AO;LUA;Luanda;
FR;AO;MAL;Malanje;
FR;AO;MOX;Moxico;
FR;AO;NAM;Namibe;
FR;AO;UIG;Uíge;
FR;AO;ZAI;Zaïre;
FR;AR;00;Capitale fédérale;
FR;AR;01;Buenos Aires;
FR;AR;02;Catamarca;
FR;AR;03;Cordoue;
FR;AR;04;Corrientes;
FR;AR;05;Entre Ríos;
FR;AR;06;Jujuy;
FR;AR;07;Mendoza;
FR;AR;08;La Rioja;
FR;AR;09;Salta;
FR;AR;10;San Juan;
FR;AR;11;San Luis;
FR;AR;12;Santa Fe;
FR;AR;13;Santiago del Estero;
FR;AR;14;Tucumán;
FR;AR;16;Chaco;
FR;AR;17;Chubut;
FR;AR;18;Formosa;
FR;AR;19;Misiones;
FR;AR;20;Neuquén;
FR;AR;21;La Pampa;
FR;AR;22;Rio Negro;
FR;AR;23;Santa Cruz;
FR;AR;24;Terre de Feu;
FR;AT;1;Burgenland;
FR;AT;2;Carinthie;
FR;AT;3;Basse-Autriche;
FR;AT;4;Haute-Autriche;
FR;AT;5;Salzbourg;
FR;AT;6;Styrie;
FR;AT;7;Tyrol;
FR;AT;8;Vorarlberg;
FR;AT;9;Vienne;
FR;AT;B;Burgenland;
FR;AT;K;Kärnten;
FR;AT;NOE;Basse Autriche;
FR;AT;OOE;Haute Autriche;
FR;AT;S;Salzburg;
FR;AT;ST;Steiermark;
FR;AT;T;Tyrol;
FR;AT;V;Vorarlberg;
FR;AT;W;Vienne;
FR;AU;ACT;Terr. capitale AU;
FR;AU;NSW;Nvelle-Galles du Sud;
FR;AU;NT;Territoire-du-Nord;
FR;AU;QLD;Queensland;
FR;AU;SA;Australie-Méridion.;
FR;AU;TAS;Tasmanie;
FR;AU;VIC;Victoria;
FR;AU;WA;Australie-Occident.;
FR;BD;01;Bandarban;
FR;BD;02;Barguna;
FR;BD;03;Bogra;
FR;BD;04;Brahmanbaria;
FR;BD;05;Bagerhat;
FR;BD;06;Barisal;
FR;BD;07;Bhola;
FR;BD;08;Comilla;
FR;BD;09;Chandpur;
FR;BD;10;Chittagong;
FR;BD;11;Cox's Bazar;
FR;BD;12;Chuadanga;
FR;BD;13;Dacca;
FR;BD;14;Dinajpur;
FR;BD;15;Faridpur;
FR;BD;16;Feni;
FR;BD;17;Gopalganj;
FR;BD;18;Gazipur;
FR;BD;19;Gaibandha;
FR;BD;20;Habiganj;
FR;BD;21;Jamalpur;
FR;BD;22;Jessore;
FR;BD;23;Jhenaidah;
FR;BD;24;Joypurhat;
FR;BD;25;Jhalakathi;
FR;BD;26;Kishoreganj;
FR;BD;27;Khulnâ;
FR;BD;28;Kurigram;
FR;BD;29;Khagrachhari;
FR;BD;30;Kushtia;
FR;BD;31;Lakshmipur;
FR;BD;32;Lalmonirhat;
FR;BD;33;Manikganj;
FR;BD;34;Mymensingh;
FR;BD;35;Munshiganj;
FR;BD;36;Madaripur;
FR;BD;37;Magura;
FR;BD;38;Maulvi Bazar;
FR;BD;39;Meherpur;
FR;BD;40;Narayanganj;
FR;BD;41;Netrakona;
FR;BD;42;Narsingdi;
FR;BD;43;Narail;
FR;BD;44;Natore;
FR;BD;45;Chapai Nawabganj;
FR;BD;46;Nilphamari;
FR;BD;47;Noakhali;
FR;BD;48;Naogaon;
FR;BD;49;Pabna;
FR;BD;50;Pirojpur;
FR;BD;51;Patuakhali;
FR;BD;52;Panchagarh;
FR;BD;53;Rajbari;
FR;BD;54;Râjshâhî;
FR;BD;55;Rangpur;
FR;BD;56;Rangamati;
FR;BD;57;Sherpur;
FR;BD;58;Satkhira;
FR;BD;59;Sirajganj;
FR;BD;60;Sylhet;
FR;BD;61;Sunamganj;
FR;BD;62;Shariatpur;
FR;BD;63;Tangail;
FR;BD;64;Thakurgaon;
FR;BE;01;Anvers;
FR;BE;02;Brabant;
FR;BE;03;Hainaut;
FR;BE;04;Liège;
FR;BE;05;Limburg;
FR;BE;06;Luxembourg;
FR;BE;07;Namur;
FR;BE;08;Flandre orientale;
FR;BE;09;Flandre occidentale;
FR;BE;10;Brabant wallon;
FR;BE;11;Rég. Bruxelles cap.;
FR;BE;BRU;Rég. Bruxelles-Cap.;
FR;BE;VAN;Anvers;
FR;BE;VBR;Brabant flamand;
FR;BE;VLI;Limburg;
FR;BE;VOV;Flandre-Orientale;
FR;BE;VWV;Flandre-Occidentale;
FR;BE;WBR;Brabant wallon;
FR;BE;WHT;Hainaut;
FR;BE;WLG;Liège;
FR;BE;WLX;Luxembourg;
FR;BE;WNA;Namur;
FR;BF;BAL;Bale;
FR;BF;BAM;Bam;
FR;BF;BAN;Banwa;
FR;BF;BAZ;Bazèga;
FR;BF;BGR;Bougouriba;
FR;BF;BLG;Boulgou;
FR;BF;BLK;Boulkiemdé;
FR;BF;COM;Comoé;
FR;BF;GAN;Ganzourgou;
FR;BF;GNA;Gnagna;
FR;BF;GOU;Gourma;
FR;BF;HOU;Houet;
FR;BF;IOB;Ioba;
FR;BF;KAD;Kadiogo;
FR;BF;KEN;Kénédougou;
FR;BF;KMD;Komondjari;
FR;BF;KMP;Kompienga;
FR;BF;KOP;Koulpelogo;
FR;BF;KOS;Kossi;
FR;BF;KOT;Kouritenga;
FR;BF;KOW;Kourwéogo;
FR;BF;LER;Léraba;
FR;BF;LOR;Loroum;
FR;BF;MOU;Mouhoun;
FR;BF;NAM;Namentenga;
FR;BF;NAO;Nahouri;
FR;BF;NAY;Nayala;
FR;BF;NOU;Noumbiel;
FR;BF;OUB;Oubritenga;
FR;BF;OUD;Oudalan;
FR;BF;PAS;Passoré;
FR;BF;PON;Poni;
FR;BF;SEN;Séno;
FR;BF;SIS;Sissili;
FR;BF;SMT;Sanmatenga;
FR;BF;SNG;Sanguie;
FR;BF;SOM;Soum;
FR;BF;SOR;Sourou;
FR;BF;TAP;Tapoa;
FR;BF;TUI;Tui;
FR;BF;YAG;Yagha;
FR;BF;YAT;Yatenga;
FR;BF;ZIR;Ziro;
FR;BF;ZON;Zondoma;
FR;BF;ZOU;Zoundwéogo;
FR;BG;01;Blagoevgrad;
FR;BG;02;Bourgas;
FR;BG;03;Varna;
FR;BG;04;Veliko Tarnovo;
FR;BG;05;Vidin;
FR;BG;06;Vratsa;
FR;BG;07;Gabrovo;
FR;BG;08;Dobritch;
FR;BG;09;Kardjali;
FR;BG;10;Kyoustendil;
FR;BG;11;Lovetch;
FR;BG;12;Montana;
FR;BG;13;Pazardjik;
FR;BG;14;Pernik;
FR;BG;15;Pleven;
FR;BG;16;Plovdiv;
FR;BG;17;Razgrad;
FR;BG;18;Ruse;
FR;BG;19;Silistra;
FR;BG;20;Sliven;
FR;BG;21;Smolyan;
FR;BG;22;Sofia-ville;
FR;BG;23;Sofia;
FR;BG;24;Stara Zagora;
FR;BG;25;Targovichté;
FR;BG;26;Haskovo;
FR;BG;27;Choumen;
FR;BG;28;Yambol;
FR;BH;13;Gouvernorat capitale;
FR;BH;14;Gouvernorat mérid.;
FR;BH;15;Gouvernorat Muharraq;
FR;BH;17;Gouvernorat septent.;
FR;BI;BB;Bubanza;
FR;BI;BL;Bujumbura rural;
FR;BI;BM;Bujumbura Mairie;
FR;BI;BR;Bururi;
FR;BI;CA;Cankuzo;
FR;BI;CI;Cibitoke;
FR;BI;GI;Gitega;
FR;BI;KI;Kirundo;
FR;BI;KR;Karuzi;
FR;BI;KY;Kayanza;
FR;BI;MA;Makamba;
FR;BI;MU;Muramvya;
FR;BI;MW;Mwaro;
FR;BI;MY;Muyinga;
FR;BI;NG;Ngozi;
FR;BI;RM;Rumonge;
FR;BI;RT;Rutana;
FR;BI;RY;Ruyigi;
FR;BJ;AK;Atacora;
FR;BJ;AL;Alibori;
FR;BJ;AQ;Atlantique;
FR;BJ;BO;Borgou;
FR;BJ;CO;Collines;
FR;BJ;DO;Donga;
FR;BJ;KO;Couffo;
FR;BJ;LI;Littoral;
FR;BJ;MO;Mono;
FR;BJ;OU;Ouémé;
FR;BJ;PL;Plateau;
FR;BJ;ZO;Zou;
FR;BN;BE;Belait;
FR;BN;BM;Brunei-Muara;
FR;BN;TE;Temburong;
FR;BN;TU;Tutong;
FR;BO;B;Beni;
FR;BO;C;Cochabamba;
FR;BO;H;Chuquisaca;
FR;BO;L;La Paz;
FR;BO;N;Pando;
FR;BO;O;Oruro;
FR;BO;P;Potosí;
FR;BO;S;Santa Cruz;
FR;BO;T;Tarija;
FR;BQ;BO;Bonaire;
FR;BQ;SA;Saba;
FR;BQ;SE;Saint-Eustache;
FR;BR;AC;Acre;
FR;BR;AL;Alagoas;
FR;BR;AM;Amazonie;
FR;BR;AP;Amapá;
FR;BR;BA;Bahia;
FR;BR;CE;Ceará;
FR;BR;DF;Brasilia;
FR;BR;ES;Espírito Santo;
FR;BR;GO;Goiás;
FR;BR;MA;Maranhão;
FR;BR;MG;Minas Gerais;
FR;BR;MS;Mato Grosso do Sul;
FR;BR;MT;Mato Grosso;
FR;BR;PA;Pará;
FR;BR;PB;Paraíba;
FR;BR;PE;Pernambouc;
FR;BR;PI;Piauí;
FR;BR;PR;Paraná;
FR;BR;RJ;Rio de Janeiro;
FR;BR;RN;Rio Grande do Norte;
FR;BR;RO;Rondônia;
FR;BR;RR;Roraima;
FR;BR;RS;Rio Grande do Sul;
FR;BR;SC;Santa Catarina;
FR;BR;SE;Sergipe;
FR;BR;SP;São Paulo;
FR;BR;TO;Tocantins;
FR;BS;AK;Acklins;
FR;BS;BI;Bimini;
FR;BS;BP;Black Point;
FR;BS;BY;Îles Berry;
FR;BS;CE;Central Eleuthera;
FR;BS;CI;Île Cat;
FR;BS;CK;Crooked Isl.& L. Cay;
FR;BS;CO;Central Abaco;
FR;BS;CS;Central Andros;
FR;BS;EG;East Grand Bahama;
FR;BS;EX;Exuma;
FR;BS;FP;Freeport;
FR;BS;GC;Grand Cay;
FR;BS;HI;Harbour Island;
FR;BS;HT;Hope Town;
FR;BS;IN;Inagua;
FR;BS;LI;Long Island;
FR;BS;MC;Mangrove Cay;
FR;BS;MG;Mayaguana;
FR;BS;MI;Moore's Island;
FR;BS;NE;North Eleuthera;
FR;BS;NO;North Abaco;
FR;BS;NS;North Andros;
FR;BS;RC;Rum Cay;
FR;BS;RI;Ragged Island;
FR;BS;SA;South Andros;
FR;BS;SE;South Eleuthera;
FR;BS;SO;South Abaco;
FR;BS;SS;San Salvador;
FR;BS;SW;Spanish Wells;
FR;BS;WG;West Grand Bahama;
FR;BT;11;Paro;
FR;BT;12;Chhukha;
FR;BT;13;Haa;
FR;BT;14;Samtse;
FR;BT;15;Thimphou;
FR;BT;21;Tsirang;
FR;BT;22;Dagana;
FR;BT;23;Punakha;
FR;BT;24;Wangdue Phodrang;
FR;BT;31;Sarpang;
FR;BT;32;Trongsa;
FR;BT;33;Bumthang;
FR;BT;34;Zhemgang;
FR;BT;41;Trashigang;
FR;BT;42;Mongar;
FR;BT;43;Pemagatshel;
FR;BT;44;Lhuentse;
FR;BT;45;Samdrup Jongkhar;
FR;BT;GA;Gasa;
FR;BT;TY;Trashiyangste;
FR;BW;CE;Région du Centre;
FR;BW;CH;Chobe;
FR;BW;FR;Francistown;
FR;BW;GA;Gaborone;
FR;BW;GH;Ghanzi;
FR;BW;JW;Jwaneng;
FR;BW;KG;Kgalagadi;
FR;BW;KL;Kgatleng;
FR;BW;KW;Kweneng;
FR;BW;LO;Lobatse;
FR;BW;NE;Nord-est;
FR;BW;NW;Nord-ouest;
FR;BW;SE;Sud-est;
FR;BW;SO;Province du Sud;
FR;BW;SP;Selibe-Phikwe;
FR;BW;ST;Sowa Town;
FR;BY;BR;Région de Brest;
FR;BY;HM;Ville de Minsk;
FR;BY;HO;Région de Gomel;
FR;BY;HR;Région de Grodno;
FR;BY;MA;Région de Moguilev;
FR;BY;MI;Région de Minsk;
FR;BY;VI;Région de Vitebsk;
FR;BZ;BZ;Belize;
FR;BZ;CY;Cayo;
FR;BZ;CZL;Corozal;
FR;BZ;OW;Orange Walk;
FR;BZ;SC;Stann Creek;
FR;BZ;TOL;Tolède;
FR;CA;AB;Alberta;
FR;CA;BC;Colombie-Britannique;
FR;CA;MB;Manitoba;
FR;CA;NB;Nouveau-Brunswick;
FR;CA;NL;Terre-Neuve-et-Labr.;
FR;CA;NS;Nouvelle-Écosse;
FR;CA;NT;Territ. Nord-Ouest;
FR;CA;NU;Nunavut;
FR;CA;ON;Ontario;
FR;CA;PE;Î.-du-Prince-Édouard;
FR;CA;QC;Québec;
FR;CA;SK;Saskatchewan;
FR;CA;YT;Yukon;
FR;CD;BC;Kongo-Central;
FR;CD;BU;Bas-Uele;
FR;CD;EQ;Équateur;
FR;CD;HK;Haut-Katanga;
FR;CD;HL;Haut-Lomami;
FR;CD;HU;Haut-Uele;
FR;CD;IT;Ituri;
FR;CD;KC;Kasaï-Central;
FR;CD;KE;Kasaï-Oriental;
FR;CD;KG;Kwango;
FR;CD;KL;Kwilu;
FR;CD;KN;Kinshasa;
FR;CD;KS;Kasaï;
FR;CD;LO;Lomami;
FR;CD;LU;Lualaba;
FR;CD;MA;Maniema;
FR;CD;MN;Mai-Ndombe;
FR;CD;MO;Mongala;
FR;CD;NK;Nord-Kivu;
FR;CD;NU;Nord-Ubangi;
FR;CD;SA;Sankuru;
FR;CD;SK;Sud-Kivu;
FR;CD;SU;Sud-Ubangi;
FR;CD;TA;Tanganyika;
FR;CD;TO;Tshopo;
FR;CD;TU;Tshuapa;
FR;CF;AC;Ouham;
FR;CF;BB;Bamingui-Bangoran;
FR;CF;BGF;Bangui;
FR;CF;BK;Basse-Kotto;
FR;CF;HK;Haute-Kotto;
FR;CF;HM;Haut-Mbomou;
FR;CF;HS;Mambéré-Kadéï;
FR;CF;KB;Gribingui;
FR;CF;KG;Kémo-Gribingui;
FR;CF;LB;Lobaye;
FR;CF;MB;Mbomou;
FR;CF;MP;Ombella-M'Poko;
FR;CF;NM;Nana-Mambéré;
FR;CF;OP;Ouham-Pendé;
FR;CF;SE;Sangha;
FR;CF;UK;Ouaka;
FR;CF;VK;Vakaga;
FR;CG;11;Bouenza;
FR;CG;12;Pool;
FR;CG;13;Sangha;
FR;CG;14;Plateaux;
FR;CG;15;Cuvette-Ouest;
FR;CG;16;Pointe-Noire;
FR;CG;2;Lékoumou;
FR;CG;5;Kouilou;
FR;CG;7;Likouala;
FR;CG;8;Cuvette;
FR;CG;9;Niari;
FR;CG;BZV;Brazzaville;
FR;CH;AG;Argovie;
FR;CH;AI;Rhodes-Intérieures;
FR;CH;AR;Rhodes-Extérieures;
FR;CH;BE;Berne;
FR;CH;BL;Bâle-Campagne;
FR;CH;BS;Bâle-Ville;
FR;CH;FR;Fribourg;
FR;CH;GE;Genève;
FR;CH;GL;Glaris;
FR;CH;GR;Grisons;
FR;CH;JU;Jura;
FR;CH;LU;Lucerne;
FR;CH;NE;Neuchâtel;
FR;CH;NW;Nidwald;
FR;CH;OW;Obwald;
FR;CH;SG;Saint-Gall;
FR;CH;SH;Schaffhouse;
FR;CH;SO;Soleure;
FR;CH;SZ;Schwyz;
FR;CH;TG;Thurgovie;
FR;CH;TI;Tessin;
FR;CH;UR;Uri;
FR;CH;VD;Vaud;
FR;CH;VS;Valais;
FR;CH;ZG;Zoug;
FR;CH;ZH;Zurich;
FR;CI;AB;Abidjan;
FR;CI;BS;Bas-Sassandra;
FR;CI;CM;Comoé;
FR;CI;DN;Denguélé;
FR;CI;GD;Gôh-Djiboua;
FR;CI;LC;Lacs;
FR;CI;LG;Lagunes;
FR;CI;MG;Montagnes;
FR;CI;SM;Sassandra-Marahoué;
FR;CI;SV;Savanes;
FR;CI;VB;Vallée du Bandama;
FR;CI;WR;Woroba;
FR;CI;YM;Yamoussoukro;
FR;CI;ZZ;Zanzan;
FR;CL;01;I - Iquique;
FR;CL;02;II - Antofagasta;
FR;CL;03;III - Copiapo;
FR;CL;04;IV - La Serena;
FR;CL;05;V - Valparaiso;
FR;CL;06;VI - Rancagua;
FR;CL;07;VII - Talca;
FR;CL;08;VIII - Concepción;
FR;CL;09;IX - Temuco;
FR;CL;10;X - Puerto Montt;
FR;CL;11;XI - Coyhaique;
FR;CL;12;XII - Punta Arenas;
FR;CL;13;RM - Santiago;
FR;CL;14;XIV - Los Ríos;
FR;CL;15;XV - Arica y Parinac;
FR;CL;AI;Región Aisén;
FR;CL;AN;Antofagasta;
FR;CL;AP;Arica et Parinacota;
FR;CL;AR;Araucanie;
FR;CL;AT;Atacama;
FR;CL;BI;Biobío;
FR;CL;CO;Coquimbo;
FR;CL;LI;Région du O'Higgins;
FR;CL;LL;Région des lacs;
FR;CL;LR;Région des fleuves;
FR;CL;MA;Magallanes;
FR;CL;ML;Maule;
FR;CL;RM;Santiago;
FR;CL;TA;Tarapaca;
FR;CL;VS;Valparaiso;
FR;CM;AD;Adamaoua;
FR;CM;CE;Centre;
FR;CM;EN;Extrême-Nord;
FR;CM;ES;Est;
FR;CM;LT;Littoral;
FR;CM;NO;Nord;
FR;CM;NW;Nord-Ouest;
FR;CM;OU;Ouest;
FR;CM;SU;Sud;
FR;CM;SW;Sud-Ouest;
FR;CN;010;Pékin;
FR;CN;020;Shanghai;
FR;CN;030;Tianjin;
FR;CN;040;Mongolie intérieure;
FR;CN;050;Shanxi;
FR;CN;060;Hebei;
FR;CN;070;Liaoning;
FR;CN;080;Jilin;
FR;CN;090;Heilongjiang;
FR;CN;100;Jiangsu;
FR;CN;110;Anhui;
FR;CN;120;Shandong;
FR;CN;130;Zhejiang;
FR;CN;140;Jiangxi;
FR;CN;150;Fujian;
FR;CN;160;Hunan;
FR;CN;170;Hubei;
FR;CN;180;Henan;
FR;CN;190;Guangdong;
FR;CN;200;Hainan;
FR;CN;210;Guangxi;
FR;CN;220;Guizhou;
FR;CN;230;Sichuan;
FR;CN;240;Yunnan;
FR;CN;250;Shaanxi;
FR;CN;260;Gansu;
FR;CN;270;Ningxia;
FR;CN;280;Qinghai;
FR;CN;290;Xinjiang;
FR;CN;300;Xizang;
FR;CN;320;Chong Qing;
FR;CN;AH;Anhui;
FR;CN;BJ;Beijing;
FR;CN;CQ;Chongqing;
FR;CN;FJ;Fujian;
FR;CN;GD;Guangdong;
FR;CN;GS;Gansu;
FR;CN;GX;Guangxi;
FR;CN;GZ;Guizhou;
FR;CN;HA;Henan;
FR;CN;HB;Hubei;
FR;CN;HE;Hebei;
FR;CN;HI;Hainan;
FR;CN;HK;Hong Kong;
FR;CN;HL;Heilongjiang;
FR;CN;HN;Hunan;
FR;CN;JL;Jilin;
FR;CN;JS;Jiangsu;
FR;CN;JX;Jiangxi;
FR;CN;LN;Liaoning;
FR;CN;MO;Macao;
FR;CN;NM;Mongolie-Intérieure;
FR;CN;NX;Ningxia;
FR;CN;QH;Qinghai;
FR;CN;SC;Sichuan;
FR;CN;SD;Shandong;
FR;CN;SH;Shanghai;
FR;CN;SN;Shaanxi;
FR;CN;SX;Shanxi;
FR;CN;TJ;Tianjin;
FR;CN;TW;Taïwan;
FR;CN;XJ;Xinjiang;
FR;CN;XZ;Xizang;
FR;CN;YN;Yunnan;
FR;CN;ZJ;Zhejiang;
FR;CO;05;Antioquia;
FR;CO;08;Atlántico;
FR;CO;11;Bogota;
FR;CO;13;Bolívar;
FR;CO;15;Boyacá;
FR;CO;17;Caldas;
FR;CO;18;Caquetá;
FR;CO;19;Cauca;
FR;CO;20;Cesar;
FR;CO;23;Córdoba;
FR;CO;25;Cundinamarca;
FR;CO;27;Chocó;
FR;CO;41;Huila;
FR;CO;44;La Guajira;
FR;CO;47;Magdalena;
FR;CO;50;Meta;
FR;CO;52;Nariño;
FR;CO;54;Norte de Santander;
FR;CO;63;Quindio;
FR;CO;66;Risaralda;
FR;CO;68;Santander;
FR;CO;70;Sucre;
FR;CO;73;Tolima;
FR;CO;76;Valle;
FR;CO;81;Arauca;
FR;CO;85;Casanare;
FR;CO;86;Putumayo;
FR;CO;88;San Andrés;
FR;CO;91;Amazonas;
FR;CO;94;Guainia;
FR;CO;95;Guaviare;
FR;CO;97;Vaupés;
FR;CO;99;Vichada;
FR;CR;A;Alajuela;
FR;CR;C;Cartago;
FR;CR;G;Guanacaste;
FR;CR;H;Heredia;
FR;CR;L;Limón;
FR;CR;P;Puntarenas;
FR;CR;SJ;San José;
FR;CU;01;Pinar del Río;
FR;CU;03;La Havane;
FR;CU;04;Matanzas;
FR;CU;05;Villa Clara;
FR;CU;06;Cienfuegos;
FR;CU;07;Sancti Spíritus;
FR;CU;08;Ciego de Ávila;
FR;CU;09;Camagüey;
FR;CU;10;Las Tunas;
FR;CU;11;Holguín;
FR;CU;12;Granma;
FR;CU;13;Santiago de Cuba;
FR;CU;14;Guantanamo;
FR;CU;15;Artemisa;
FR;CU;16;Mayabeque;
FR;CU;99;Île de la Jeunesse;
FR;CV;BR;Brava;
FR;CV;BV;Boa Vista;
FR;CV;CA;Santa Catarina;
FR;CV;CF;St Catarina do Fogo;
FR;CV;CR;Santa Cruz;
FR;CV;MA;Maio;
FR;CV;MO;Mosteiros;
FR;CV;PA;Paul;
FR;CV;PN;Porto-Novo;
FR;CV;PR;Praia;
FR;CV;RB;Ribeira Brava;
FR;CV;RG;Ribeira Grande;
FR;CV;RS;Ribeira Gr. Santiago;
FR;CV;SD;São Domingos;
FR;CV;SF;São Filipe;
FR;CV;SL;Sal;
FR;CV;SM;São Miguel;
FR;CV;SO;São Lourenço Órgãos;
FR;CV;SS;São Salvador Mundo;
FR;CV;SV;São Vicente;
FR;CV;TA;Tarrafal;
FR;CV;TS;Tarrafal São Nicolau;
FR;CY;01;Nicosie;
FR;CY;02;Limassol;
FR;CY;03;Larnaca;
FR;CY;04;Famagouste;
FR;CY;05;Paphos;
FR;CY;06;Kyrenia;
FR;CZ;10;Prague;
FR;CZ;11;Prague;
FR;CZ;20;Bohême centrale;
FR;CZ;21;Stredocesky;
FR;CZ;31;Bohême-du-Sud;
FR;CZ;32;Plzen;
FR;CZ;41;Karlovy Vary;
FR;CZ;42;Ústí nad Labem;
FR;CZ;51;Liberec;
FR;CZ;52;Hradec Králové;
FR;CZ;53;Pardubice;
FR;CZ;63;Vysocina;
FR;CZ;64;Moravie-du-Sud;
FR;CZ;71;Olomouc;
FR;CZ;72;Zlín;
FR;CZ;80;Moravie-Silésie;
FR;CZ;81;Moravskoslezsky;
FR;DE;01;Schleswig-Holstein;
FR;DE;02;Hambourg;
FR;DE;03;Basse-Saxe;
FR;DE;04;Brême;
FR;DE;05;Rhén.du Nord/Westph.;
FR;DE;06;Hesse;
FR;DE;07;Rhénanie-Palatinat;
FR;DE;08;Bade-Wurtemberg;
FR;DE;09;Bavière;
FR;DE;10;Sarre;
FR;DE;11;Berlin;
FR;DE;12;Brandebourg;
FR;DE;13;Mecklen.-Pomér. occ.;
FR;DE;14;Saxe;
FR;DE;15;Saxe-Anhalt;
FR;DE;16;Thuringe;
FR;DE;BB;Brandebourg;
FR;DE;BE;Berlin;
FR;DE;BW;Bade-Wurtemberg;
FR;DE;BY;Bavière;
FR;DE;HB;Brême;
FR;DE;HE;Hesse;
FR;DE;HH;Hambourg;
FR;DE;MV;Mecklem.-Pomér.-Occ.;
FR;DE;NI;Basse-Saxe;
FR;DE;NW;Rhén.du Nord/Westph.;
FR;DE;RP;Rhénanie-Palatinat;
FR;DE;SH;Schleswig-Holstein;
FR;DE;SL;Sarre;
FR;DE;SN;Saxe;
FR;DE;ST;Saxe-Anhalt;
FR;DE;TH;Thuringe;
FR;DJ;AR;Arta;
FR;DJ;AS;Ali Sabieh;
FR;DJ;DI;Dikhil;
FR;DJ;DJ;Djibouti;
FR;DJ;OB;Obock;
FR;DJ;TA;Tadjourah;
FR;DK;001;Hovedstaden;
FR;DK;002;Midtjylland;
FR;DK;003;Nordjylland;
FR;DK;004;Sjaelland;
FR;DK;005;Syddanmark;
FR;DK;81;Jutland du Nord;
FR;DK;82;Jutland-Central;
FR;DK;83;Danemark-du-Sud;
FR;DK;84;Hovedstaden;
FR;DK;85;Sjælland;
FR;DM;02;Saint-Andrews;
FR;DM;03;Saint-David;
FR;DM;04;Saint-Georges;
FR;DM;05;Saint-Jean;
FR;DM;06;Saint-Joseph;
FR;DM;07;Saint-Luc;
FR;DM;08;Saint-Marc;
FR;DM;09;Saint-Patrick;
FR;DM;10;Saint-Paul;
FR;DM;11;Saint-Pierre;
FR;DO;01;Distrito Nacional;
FR;DO;02;Azua;
FR;DO;03;Baoruco;
FR;DO;04;Barahona;
FR;DO;05;Dajabón;
FR;DO;06;Duarte;
FR;DO;07;Elías Piña;
FR;DO;08;El Seibo;
FR;DO;09;Espaillat;
FR;DO;10;Independencia;
FR;DO;11;La Altagracia;
FR;DO;12;La Romana;
FR;DO;13;La Vega;
FR;DO;14;María Trinidad Sánch;
FR;DO;15;Monte Cristi;
FR;DO;16;Pedernales;
FR;DO;17;Peravia;
FR;DO;18;Puerto Plata;
FR;DO;19;Hermanas Mirabal;
FR;DO;20;Samaná;
FR;DO;21;San Cristóbal;
FR;DO;22;San Juan;
FR;DO;23;San Pedro de Macorís;
FR;DO;24;Sánchez Ramírez;
FR;DO;25;Santiago;
FR;DO;26;Santiago Rodriguez;
FR;DO;27;Valverde;
FR;DO;28;Monseñor Nouel;
FR;DO;29;Monte Plata;
FR;DO;30;Hato Mayor;
FR;DO;31;San José de Ocoa;
FR;DO;32;Saint-Domingue;
FR;DZ;01;Adrar;
FR;DZ;02;Chlef;
FR;DZ;03;Laghouat;
FR;DZ;04;Oum el Bouaghi;
FR;DZ;05;Batna;
FR;DZ;06;Béjaïa;
FR;DZ;07;Biskra;
FR;DZ;08;Béchar;
FR;DZ;09;Blida;
FR;DZ;10;Bouira;
FR;DZ;11;Tamanrasset;
FR;DZ;12;Tébessa;
FR;DZ;13;Tlemcen;
FR;DZ;14;Tiaret;
FR;DZ;15;Tizi Ouzou;
FR;DZ;16;Alger;
FR;DZ;17;Djelfa;
FR;DZ;18;Jijel;
FR;DZ;19;Sétif;
FR;DZ;20;Saïda;
FR;DZ;21;Skikda;
FR;DZ;22;Sidi Bel Abbès;
FR;DZ;23;Annaba;
FR;DZ;24;Guelma;
FR;DZ;25;Constantine;
FR;DZ;26;Médéa;
FR;DZ;27;Mostaganem;
FR;DZ;28;M'Sila;
FR;DZ;29;Muaskar;
FR;DZ;30;Ouargla;
FR;DZ;31;Oran;
FR;DZ;32;El Bayadh;
FR;DZ;33;Illizi;
FR;DZ;34;Bordj Bou Arreridj;
FR;DZ;35;Boumerdès;
FR;DZ;36;El Tarf;
FR;DZ;37;Tindouf;
FR;DZ;38;Tissemsilt;
FR;DZ;39;El Oued;
FR;DZ;40;Khenchela;
FR;DZ;41;Souk Ahras;
FR;DZ;42;Tipaza;
FR;DZ;43;Mila;
FR;DZ;44;Aïn Defla;
FR;DZ;45;Naâma;
FR;DZ;46;Aïn Témouchent;
FR;DZ;47;Ghardaïa;
FR;DZ;48;Relizane;
FR;EC;A;Azuay;
FR;EC;B;Bolívar;
FR;EC;C;Carchi;
FR;EC;D;Orellana;
FR;EC;E;Esmeraldas;
FR;EC;F;Cañar;
FR;EC;G;Guayas;
FR;EC;H;Chimborazo;
FR;EC;I;Imbabura;
FR;EC;L;Loja;
FR;EC;M;Manabí;
FR;EC;N;Napo;
FR;EC;O;El Oro;
FR;EC;P;Pinchicha;
FR;EC;R;Région des fleuves;
FR;EC;S;Morona-Santiago;
FR;EC;SD;St Domingo Tsáchilas;
FR;EC;SE;Santa Elena;
FR;EC;T;Tungurahua;
FR;EC;U;Sucumbíos;
FR;EC;W;Galápagos;
FR;EC;X;Cotopaxi;
FR;EC;Y;Pastaza;
FR;EC;Z;Zamora-Chinchipe;
FR;EE;37;Harju;
FR;EE;39;Hiiu;
FR;EE;44;Viru-Est;
FR;EE;49;Jõgeva;
FR;EE;51;Järva;
FR;EE;57;Laane;
FR;EE;59;Viru-Ouest;
FR;EE;65;Põlva;
FR;EE;67;Pärnu;
FR;EE;70;Rapla;
FR;EE;74;Saare;
FR;EE;78;Tartu;
FR;EE;82;Valga;
FR;EE;84;Viljandi;
FR;EE;86;Võru;
FR;EG;01;Cairo;
FR;EG;02;Giza;
FR;EG;03;Al Sharqia;
FR;EG;04;Dakahlia;
FR;EG;05;Beheira;
FR;EG;06;Qalyubia;
FR;EG;07;Minya;
FR;EG;08;Alexandria;
FR;EG;09;Gharbia;
FR;EG;10;Sohag;
FR;EG;11;Asyut;
FR;EG;12;Monufia;
FR;EG;13;Qena;
FR;EG;14;Kafr El-Sheikh;
FR;EG;15;Faiyum;
FR;EG;16;Beni Suef;
FR;EG;17;Aswan;
FR;EG;18;Damietta;
FR;EG;19;Ismailia;
FR;EG;20;Port Said;
FR;EG;21;Suez;
FR;EG;22;Luxor;
FR;EG;23;North Sinai;
FR;EG;24;Matruh;
FR;EG;25;Red Sea;
FR;EG;26;New Valley;
FR;EG;27;South Sinai;
FR;EG;ALX;Alexandrie;
FR;EG;ASN;Assouan;
FR;EG;AST;Assiout;
FR;EG;BA;Mer Rouge;
FR;EG;BH;Beheira;
FR;EG;BNS;Beni Suef;
FR;EG;C;Le Caire;
FR;EG;DK;Dakhleya;
FR;EG;DT;Damiette;
FR;EG;FYM;Médinet el-Fayoum;
FR;EG;GH;Gharbeya;
FR;EG;GZ;Gizeh;
FR;EG;IS;Ismaïlia;
FR;EG;JS;Sinaï Sud;
FR;EG;KB;Qalyubiya;
FR;EG;KFS;Kafr el-Cheik;
FR;EG;KN;Qena;
FR;EG;LX;Louxor;
FR;EG;MN;Minya;
FR;EG;MNF;Menufeya;
FR;EG;MT;Matrouh;
FR;EG;PTS;Port-Saïd;
FR;EG;SHG;Sohag;
FR;EG;SHR;Ach-Charqiya;
FR;EG;SIN;Sinaï Nord;
FR;EG;SUZ;Suez;
FR;EG;WAD;Nouvelle-Vallée;
FR;ER;AN;Anseba;
FR;ER;DK;Mer Rouge méridion.;
FR;ER;DU;Debub;
FR;ER;GB;Gash-Barka;
FR;ER;MA;Maekel;
FR;ER;SK;Mer Rouge septentr.;
FR;ES;01;Alava;
FR;ES;02;Albacete;
FR;ES;03;Alicante;
FR;ES;04;Almería;
FR;ES;05;Ávila;
FR;ES;06;Badajoz;
FR;ES;07;Baléares;
FR;ES;08;Barcelone;
FR;ES;09;Burgos;
FR;ES;10;Cáceres;
FR;ES;11;Cadix;
FR;ES;12;Castellon;
FR;ES;13;Ciudad Real;
FR;ES;14;Cordoue;
FR;ES;15;La Corogne;
FR;ES;16;Cuenca;
FR;ES;17;Gérone;
FR;ES;18;Grenade;
FR;ES;19;Guadalajara;
FR;ES;20;Guipúzcoa;
FR;ES;21;Huelva;
FR;ES;22;Huesca;
FR;ES;23;Jaén;
FR;ES;24;León;
FR;ES;25;Lérida;
FR;ES;26;La Rioja;
FR;ES;27;Lugo;
FR;ES;28;Madrid;
FR;ES;29;Malaga;
FR;ES;30;Murcie;
FR;ES;31;Navarre;
FR;ES;32;Orense;
FR;ES;33;Asturies;
FR;ES;34;Palencia;
FR;ES;35;Las Palmas;
FR;ES;36;Pontevedra;
FR;ES;37;Salamanque;
FR;ES;38;Santa Cruz Tenerife;
FR;ES;39;Cantabrie;
FR;ES;40;Ségovie;
FR;ES;41;Séville;
FR;ES;42;Soria;
FR;ES;43;Tarragone;
FR;ES;44;Teruel;
FR;ES;45;Tolède;
FR;ES;46;Valence;
FR;ES;47;Valladolid;
FR;ES;48;Biscaye;
FR;ES;49;Zamora;
FR;ES;50;Saragosse;
FR;ES;51;Ceuta;
FR;ES;52;Melilla;
FR;ET;AA;Addis-Abeba;
FR;ET;AF;Afar;
FR;ET;AM;Amhara;
FR;ET;BE;Benshangul-Gumaz;
FR;ET;DD;Dire Dawa;
FR;ET;GA;Rég. peuples Gambela;
FR;ET;HA;Région peuple Harari;
FR;ET;OR;Oromia;
FR;ET;SN;RNNPS;
FR;ET;SO;Somalien;
FR;ET;TI;Tigré;
FR;FI;001;Ahvenanmaa;
FR;FI;002;Etelä-Suomi;
FR;FI;003;Itä-Suomi;
FR;FI;004;Lappi;
FR;FI;005;Länsi-Suomi;
FR;FI;006;Oulu;
FR;FI;01;Aland;
FR;FI;02;Carélie du Sud;
FR;FI;03;Ostrobotnie du Sud;
FR;FI;04;Savonie du Sud;
FR;FI;05;Kainuu;
FR;FI;06;Kanta-Häme;
FR;FI;07;Ostrobotnie centrale;
FR;FI;08;Finlande centrale;
FR;FI;09;Vallée de la Kymi;
FR;FI;10;Laponie;
FR;FI;11;Pirkanmaa;
FR;FI;12;Ostrobotnie;
FR;FI;13;Carélie du Nord;
FR;FI;14;Ostrobotnie du Nord;
FR;FI;15;Savonie du Nord;
FR;FI;16;Päijänne Tavastia;
FR;FI;17;Satakunta;
FR;FI;18;Uusimaa;
FR;FI;19;Finlande Sud-Ouest;
FR;FJ;C;Région du Centre;
FR;FJ;E;Province de l'Est;
FR;FJ;N;Province du Nord;
FR;FJ;R;Rotuma;
FR;FJ;W;Province de l'Ouest;
FR;FM;KSA;Kosrae;
FR;FM;PNI;Pohnpei;
FR;FM;TRK;Chuuk;
FR;FM;YAP;Yap;
FR;FR;01;Ain;
FR;FR;02;Aisne;
FR;FR;03;Allier;
FR;FR;04;Alpes (Hte-Provence);
FR;FR;05;Hautes-Alpes;
FR;FR;06;Alpes-Maritimes;
FR;FR;07;Ardèche;
FR;FR;08;Ardennes;
FR;FR;09;Ariège;
FR;FR;10;Aube;
FR;FR;11;Aude;
FR;FR;12;Aveyron;
FR;FR;13;Bouches-du-Rhône;
FR;FR;14;Calvados;
FR;FR;15;Cantal;
FR;FR;16;Charente;
FR;FR;17;Charente-Maritime;
FR;FR;18;Cher;
FR;FR;19;Corrèze;
FR;FR;21;Côte-d'Or;
FR;FR;22;Côtes-d'Armor;
FR;FR;23;Creuse;
FR;FR;24;Dordogne;
FR;FR;25;Doubs;
FR;FR;26;Drôme;
FR;FR;27;Eure;
FR;FR;28;Eure-et-Loir;
FR;FR;29;Finistère;
FR;FR;2A;Corse-du-Sud;
FR;FR;2B;Corse-du-Nord;
FR;FR;30;Gard;
FR;FR;31;Haute-Garonne;
FR;FR;32;Gers;
FR;FR;33;Gironde;
FR;FR;34;Hérault;
FR;FR;35;Ille-et-Vilaine;
FR;FR;36;Indre;
FR;FR;37;Indre-et-Loire;
FR;FR;38;Isère;
FR;FR;39;Jura;
FR;FR;40;Landes;
FR;FR;41;Loir-et-Cher;
FR;FR;42;Loire;
FR;FR;43;Haute-Loire;
FR;FR;44;Loire-Atlantique;
FR;FR;45;Loiret;
FR;FR;46;Lot;
FR;FR;47;Lot-et-Garonne;
FR;FR;48;Lozère;
FR;FR;49;Maine-et-Loire;
FR;FR;50;Manche;
FR;FR;51;Marne;
FR;FR;52;Haute-Marne;
FR;FR;53;Mayenne;
FR;FR;54;Meurthe-et-Moselle;
FR;FR;55;Meuse;
FR;FR;56;Morbihan;
FR;FR;57;Moselle;
FR;FR;58;Nièvre;
FR;FR;59;Nord;
FR;FR;60;Oise;
FR;FR;61;Orne;
FR;FR;62;Pas-de-Calais;
FR;FR;63;Puy-de-Dôme;
FR;FR;64;Pyrénées-Atlantiques;
FR;FR;65;Hautes-Pyrénées;
FR;FR;66;Pyrénées-Orientales;
FR;FR;67;Bas-Rhin;
FR;FR;68;Haut-Rhin;
FR;FR;69;Rhône;
FR;FR;70;Haute-Saône;
FR;FR;71;Saône-et-Loire;
FR;FR;72;Sarthe;
FR;FR;73;Savoie;
FR;FR;74;Haute-Savoie;
FR;FR;75;Paris;
FR;FR;76;Seine-Maritime;
FR;FR;77;Seine-et-Marne;
FR;FR;78;Yvelines;
FR;FR;79;Deux-Sèvres;
FR;FR;80;Somme;
FR;FR;81;Tarn;
FR;FR;82;Tarn-et-Garonne;
FR;FR;83;Var;
FR;FR;84;Vaucluse;
FR;FR;85;Vendée;
FR;FR;86;Vienne;
FR;FR;87;Haute-Vienne;
FR;FR;88;Vosges;
FR;FR;89;Yonne;
FR;FR;90;Territoire Belfort;
FR;FR;91;Essonne;
FR;FR;92;Hauts-de-Seine;
FR;FR;93;Seine-Saint-Denis;
FR;FR;94;Val-de-Marne;
FR;FR;95;Val-d'Oise;
FR;FR;97;DOM-TOM;
FR;FR;971;Guadeloupe;
FR;FR;972;Martinique;
FR;FR;973;Guyane;
FR;FR;974;La Réunion;
FR;FR;975;Saint-Pierre-et-Miq.;
FR;FR;976;Mayotte;
FR;FR;977;Saint-Barthélemy;
FR;FR;978;Saint-Martin;
FR;FR;984;Terres aus. fr.;
FR;FR;986;Wallis-et-Futuna;
FR;FR;987;Polynésie française;
FR;FR;988;Nouvelle-Calédonie;
FR;FR;99;Hors-France;
FR;GA;1;Estuaire;
FR;GA;2;Haut-Ogooué;
FR;GA;3;Moyen-Ogooué;
FR;GA;4;Ngounié;
FR;GA;5;Nyanga;
FR;GA;6;Ogooué-Ivindo;
FR;GA;7;Ogooué-Lolo;
FR;GA;8;Ogooué-Maritime;
FR;GA;9;Woleu-Ntem;
FR;GB;AB;Aberdeenshire;
FR;GB;ABC;Armagh, Banb.&Craig.;
FR;GB;ABD;Aberdeenshire;
FR;GB;ABE;Aberdeen;
FR;GB;AG;Argyllshire;
FR;GB;AGB;Argyll and Bute;
FR;GB;AGY;Île d'Anglesey;
FR;GB;AL;Anglesey;
FR;GB;AM;Armagh;
FR;GB;AN;Angus/Forfanshire;
FR;GB;AND;Ards & North Down;
FR;GB;ANN;Antrim & Newtona.;
FR;GB;ANS;Angus;
FR;GB;AT;Antrim;
FR;GB;AY;Ayrshire;
FR;GB;BAS;Bath et Nord-Est;
FR;GB;BBD;Blackburn et Darwen;
FR;GB;BDF;Bedford;
FR;GB;BDG;Barking et Dagenham;
FR;GB;BE;Bedfordshire;
FR;GB;BEN;Brent;
FR;GB;BEX;Bexley;
FR;GB;BF;Banffshire;
FR;GB;BFS;Belfast;
FR;GB;BGE;Bridgend;
FR;GB;BGW;Blaenau Gwent;
FR;GB;BIR;Birmingham;
FR;GB;BK;Berkshire;
FR;GB;BKM;Buckinghamshire;
FR;GB;BMH;Bournemouth;
FR;GB;BNE;Barnet;
FR;GB;BNH;Brighton et Hove;
FR;GB;BNS;Barnsley;
FR;GB;BOL;Bolton;
FR;GB;BPL;Blackpool;
FR;GB;BR;Brecknockshire;
FR;GB;BRC;Bracknell Forest;
FR;GB;BRD;Bradford;
FR;GB;BRY;Bromley;
FR;GB;BS;Bath&NthEstSomerset;
FR;GB;BST;Bristol;
FR;GB;BT;Buteshire;
FR;GB;BU;Buckinghamshire;
FR;GB;BUR;Bury;
FR;GB;BW;Berwickshire;
FR;GB;CA;Cambridgeshire;
FR;GB;CAM;Cambridgeshire;
FR;GB;CAY;Caerphilly;
FR;GB;CB;Carmarthenshire;
FR;GB;CBF;Central Bedfordshire;
FR;GB;CCG;Causeway C. & Glens;
FR;GB;CD;Cardiganshire;
FR;GB;CF;Caernarfonshire;
FR;GB;CGN;Ceredigion;
FR;GB;CH;Cheshire;
FR;GB;CHE;Cheshire East;
FR;GB;CHW;W Cheshire & Chester;
FR;GB;CLD;Calderdale;
FR;GB;CLK;Clackmannanshire;
FR;GB;CM;Cromartyshire;
FR;GB;CMA;Cumbria;
FR;GB;CMD;Camden;
FR;GB;CMN;Carmarthenshire;
FR;GB;CN;Clackmannanshire;
FR;GB;CO;Cornwall;
FR;GB;CON;Cornouailles;
FR;GB;COV;Coventry;
FR;GB;CRF;Cardiff;
FR;GB;CRY;Croydon;
FR;GB;CT;Caithness;
FR;GB;CU;Cumberland;
FR;GB;CWY;Conwy;
FR;GB;DAL;Darlington;
FR;GB;DB;Derbyshire;
FR;GB;DBY;Derbyshire;
FR;GB;DD;Denbighshire;
FR;GB;DEN;Denbighshire;
FR;GB;DER;Derby;
FR;GB;DEV;Devon;
FR;GB;DF;Dumfriesshire;
FR;GB;DGY;Dumfries & Galloway;
FR;GB;DN;Down;
FR;GB;DNC;Doncaster;
FR;GB;DND;Dundee;
FR;GB;DO;Dorset;
FR;GB;DOR;Dorset;
FR;GB;DRS;Derry & Strabane;
FR;GB;DT;Dunbartonshire;
FR;GB;DU;Durham;
FR;GB;DUD;Dudley;
FR;GB;DUR;Durham, comté;
FR;GB;DV;Devon;
FR;GB;EAL;Ealing;
FR;GB;EAY;East Ayrshire;
FR;GB;EDH;Édimbourg;
FR;GB;EDU;East Dunbartonshire;
FR;GB;EL;East Lothian;
FR;GB;ELN;East Lothian;
FR;GB;ELS;Hébrides extérieures;
FR;GB;ENF;Enfield;
FR;GB;ERW;East Renfrewshire;
FR;GB;ERY;Yorkshire de l'Est;
FR;GB;ES;Essex;
FR;GB;ESS;Essex;
FR;GB;ESX;Sussex de l'Est;
FR;GB;FAL;Falkirk;
FR;GB;FI;Fife;
FR;GB;FIF;Fife;
FR;GB;FL;Flintshire;
FR;GB;FLN;Flintshire;
FR;GB;FM;Fermanagh;
FR;GB;FMO;Fermanagh & Omagh;
FR;GB;GAT;Gateshead;
FR;GB;GL;Gloucestershire;
FR;GB;GLG;Glasgow;
FR;GB;GLS;Gloucestershire;
FR;GB;GRE;Greenwich;
FR;GB;GWN;Gwynedd;
FR;GB;HA;Hampshire;
FR;GB;HAL;Halton;
FR;GB;HAM;Hampshire;
FR;GB;HAV;Havering;
FR;GB;HCK;Hackney;
FR;GB;HEF;Herefordshire;
FR;GB;HIL;Hillingdon;
FR;GB;HLD;Highland;
FR;GB;HMF;Hammersmith & Fulham;
FR;GB;HNS;Hounslow;
FR;GB;HPL;Hartlepool;
FR;GB;HRT;Hertfordshire;
FR;GB;HRW;Harrow;
FR;GB;HRY;Haringey;
FR;GB;HT;Hertfordshire;
FR;GB;HU;Huntingdonshire;
FR;GB;HW;Herefd. and Worcest.;
FR;GB;IN;Invernesshire;
FR;GB;IOS;Îles Scilly;
FR;GB;IOW;Île de Wight;
FR;GB;ISL;Islington;
FR;GB;IVC;Inverclyde;
FR;GB;IW;Ile de Wight;
FR;GB;KE;Kent;
FR;GB;KEC;Kensington & Chelsea;
FR;GB;KEN;Kent;
FR;GB;KHL;Kingston-upon-Hull;
FR;GB;KI;Kincardineshire;
FR;GB;KIR;Kirklees;
FR;GB;KK;Kirkcudbrightshire;
FR;GB;KN;Kinross-shire;
FR;GB;KTT;Kingston upon Thames;
FR;GB;KWL;Knowsley;
FR;GB;LA;Lancashire;
FR;GB;LAN;Lancashire;
FR;GB;LBC;Lisburn&Castlereagh;
FR;GB;LBH;Lambeth;
FR;GB;LCE;Leicester;
FR;GB;LD;Londonderry;
FR;GB;LDS;Leeds;
FR;GB;LE;Leicestershire;
FR;GB;LEC;Leicestershire;
FR;GB;LEW;Lewisham;
FR;GB;LI;Lincolnshire;
FR;GB;LIN;Lincolnshire;
FR;GB;LIV;Liverpool;
FR;GB;LN;Lanarkshire;
FR;GB;LND;Londres;
FR;GB;LUT;Luton;
FR;GB;MAN;Manchester;
FR;GB;MD;Midlothian;
FR;GB;MDB;Middlesbrough;
FR;GB;MDW;Medway;
FR;GB;ME;Merioneth;
FR;GB;MEA;Mid & East Antrim;
FR;GB;MG;Mid Glamorgan;
FR;GB;MIK;Milton Keynes;
FR;GB;MLN;Midlothian;
FR;GB;MM;Monmouthshire;
FR;GB;MON;Monmouthshire;
FR;GB;MR;Morayshire;
FR;GB;MRT;Merton;
FR;GB;MRY;Moray;
FR;GB;MT;Montgomeryshire;
FR;GB;MTY;Merthyr Tydfil;
FR;GB;MUL;Mid Ulster;
FR;GB;MX;Middlesex;
FR;GB;NAY;North Ayrshire;
FR;GB;NBL;Northumberland;
FR;GB;NEL;Lincolnshire NE;
FR;GB;NET;Newcastle upon Tyne;
FR;GB;NFK;Norfolk;
FR;GB;NGM;Nottingham;
FR;GB;NH;Northamptonshire;
FR;GB;NK;Norfolk;
FR;GB;NLK;Lanarkshire du Nord;
FR;GB;NLN;Lincolnshire du Nord;
FR;GB;NMD;Newry, Mourne & D.;
FR;GB;NR;Nairnshire;
FR;GB;NSM;Somerset du Nord;
FR;GB;NT;Nottinghamshire;
FR;GB;NTH;Northamptonshire;
FR;GB;NTL;Neath Port Talbot;
FR;GB;NTT;Nottinghamshire;
FR;GB;NTY;North Tyneside;
FR;GB;NU;Northumberland;
FR;GB;NWM;Newham;
FR;GB;NWP;Newport;
FR;GB;NYK;Yorkshire du Nord;
FR;GB;OLD;Oldham;
FR;GB;OR;Orkney;
FR;GB;ORK;Orcades;
FR;GB;OX;Oxfordshire;
FR;GB;OXF;Oxfordshire;
FR;GB;PE;Peeblesshire;
FR;GB;PEM;Pembrokeshire;
FR;GB;PKN;Perth and Kinross;
FR;GB;PLY;Plymouth;
FR;GB;PM;Pembrokeshire;
FR;GB;POL;Poole;
FR;GB;POR;Portsmouth;
FR;GB;POW;Powys;
FR;GB;PR;Perthshire;
FR;GB;PTE;Peterborough;
FR;GB;RA;Radnorshire;
FR;GB;RCC;Redcar et Cleveland;
FR;GB;RCH;Rochdale;
FR;GB;RCT;Rhondda, Cynon, Taff;
FR;GB;RDB;Redbridge;
FR;GB;RDG;Reading;
FR;GB;RE;Renfrewshire;
FR;GB;RFW;Renfrewshire;
FR;GB;RIC;Richmond upon Thames;
FR;GB;RO;Rossshire;
FR;GB;ROT;Rotherham;
FR;GB;RU;Rutland;
FR;GB;RUT;Rutland;
FR;GB;RX;Roxburghshire;
FR;GB;SAW;Sandwell;
FR;GB;SAY;South Ayrshire;
FR;GB;SCB;Scottish Borders;
FR;GB;SE;East Sussex;
FR;GB;SF;Selkirkshire;
FR;GB;SFK;Suffolk;
FR;GB;SFT;Sefton;
FR;GB;SG;South Glamorgan;
FR;GB;SGC;Gloucestershire;
FR;GB;SH;Shropshire;
FR;GB;SHF;Sheffield;
FR;GB;SHN;Saint Helens;
FR;GB;SHR;Shropshire;
FR;GB;SK;Suffolk;
FR;GB;SKP;Stockport;
FR;GB;SL;Shetland;
FR;GB;SLF;Salford;
FR;GB;SLG;Slough;
FR;GB;SLK;South Lanarkshire;
FR;GB;SND;Sunderland;
FR;GB;SO;Somerset;
FR;GB;SOL;Solihull;
FR;GB;SOM;Somerset;
FR;GB;SOS;Southend-on-Sea;
FR;GB;SRY;Surrey;
FR;GB;ST;Staffordshire;
FR;GB;STE;Stoke-on-Trent;
FR;GB;STG;Stirling;
FR;GB;STH;Southampton;
FR;GB;STN;Sutton;
FR;GB;STS;Staffordshire;
FR;GB;STT;Stockton-on-Tees;
FR;GB;STY;South Tyneside;
FR;GB;SU;Sutherland;
FR;GB;SV;Stirlingshire;
FR;GB;SW;West Sussex;
FR;GB;SWA;Swansea;
FR;GB;SWD;Swindon;
FR;GB;SWK;Southwark;
FR;GB;SY;Surrey;
FR;GB;TAM;Tameside;
FR;GB;TFW;Telford et Wrekin;
FR;GB;THR;Thurrock;
FR;GB;TOB;Torbay;
FR;GB;TOF;Torfaen;
FR;GB;TRF;Trafford;
FR;GB;TWH;Tower Hamlets;
FR;GB;TY;Tyrone;
FR;GB;VGL;Vale of Glamorgan;
FR;GB;WA;Warwickshire;
FR;GB;WAR;Warwickshire;
FR;GB;WBK;West Berkshire;
FR;GB;WC;Worcestershire;
FR;GB;WDU;West Dunbartonshire;
FR;GB;WE;Westmorland;
FR;GB;WFT;Waltham Forest;
FR;GB;WG;West Glamorgan;
FR;GB;WGN;Wigan;
FR;GB;WI;Wiltshire;
FR;GB;WIL;Wiltshire;
FR;GB;WK;West Lothian;
FR;GB;WKF;Wakefield;
FR;GB;WLL;Walsall;
FR;GB;WLN;West Lothian;
FR;GB;WLV;Wolverhampton;
FR;GB;WND;Wandsworth;
FR;GB;WNM;Windsor & Maidenhead;
FR;GB;WOK;Wokingham;
FR;GB;WOR;Worcestershire;
FR;GB;WRL;Wirral;
FR;GB;WRT;Warrington;
FR;GB;WRX;Wrexham;
FR;GB;WSM;Westminster;
FR;GB;WSX;Sussex de l'Ouest;
FR;GB;WT;Wigtownshire;
FR;GB;YN;North Yorkshire;
FR;GB;YOR;York;
FR;GB;YS;South Yorkshire;
FR;GB;YW;West Yorkshire;
FR;GB;ZET;Îles Shetland;
FR;GD;01;Saint-Andrews;
FR;GD;02;Saint-David;
FR;GD;03;Saint-Georges;
FR;GD;04;Saint-Jean;
FR;GD;05;Saint-Marc;
FR;GD;06;Saint-Patrick;
FR;GD;10;Carriacou;
FR;GE;AB;Abkhazie;
FR;GE;AJ;Adjarie;
FR;GE;GU;Gourie;
FR;GE;IM;Iméréthie;
FR;GE;KA;Kakhétie;
FR;GE;KK;Basse Kartlie;
FR;GE;MM;Mtskheta-Mtianeti;
FR;GE;RL;Ratcha-Letchkh/B.Sv.;
FR;GE;SJ;Samtskhé-Djavakhétie;
FR;GE;SK;Kartlie intérieure;
FR;GE;SZ;Mingrélie-et-Hte-Sv.;
FR;GE;TB;Tbilisi;
FR;GH;AA;Grand Accra;
FR;GH;AH;Ashanti;
FR;GH;BA;Brong Ahafo;
FR;GH;CP;Région du Centre;
FR;GH;EP;Province de l'Est;
FR;GH;NP;Province du Nord;
FR;GH;TV;Volta;
FR;GH;UE;Haut Ghana oriental;
FR;GH;UW;Haut Ghana occident.;
FR;GH;WP;Province de l'Ouest;
FR;GM;B;Banjul;
FR;GM;L;Lower River;
FR;GM;M;Central River;
FR;GM;N;North Bank;
FR;GM;U;Upper River;
FR;GM;W;Province de l'Ouest;
FR;GN;B;Boké;
FR;GN;C;Conakry;
FR;GN;D;Kindia;
FR;GN;F;Faranah;
FR;GN;K;Kankan;
FR;GN;L;Labé;
FR;GN;M;Mamou;
FR;GN;N;Nzérékoré;
FR;GQ;AN;Annobón;
FR;GQ;BN;Bioko-Norte;
FR;GQ;BS;Bioko-Sur;
FR;GQ;CS;Centro-Sur;
FR;GQ;KN;Kié-Ntem;
FR;GQ;LI;Litoral;
FR;GQ;WN;Wele-Nzas;
FR;GR;01;Aitolia kai Akarnan.;
FR;GR;02;Akhaia;
FR;GR;03;Argolis;
FR;GR;04;Arkadhia;
FR;GR;05;Arta;
FR;GR;06;Attiki;
FR;GR;07;Dhodhekanisos;
FR;GR;08;Dhrama;
FR;GR;09;Evritania;
FR;GR;10;Evros;
FR;GR;11;Evvoia;
FR;GR;12;Florina;
FR;GR;13;Fokis;
FR;GR;14;Fthiotis;
FR;GR;15;Grevena;
FR;GR;16;Ilia;
FR;GR;17;Imathia;
FR;GR;18;Ioannina;
FR;GR;19;Héraclion;
FR;GR;20;Kardhitsa;
FR;GR;21;Kastoria;
FR;GR;22;Kavala;
FR;GR;23;Kefallinia;
FR;GR;24;Kerkira;
FR;GR;25;Chalcidique;
FR;GR;26;Khania;
FR;GR;27;Chios;
FR;GR;28;Cyclades;
FR;GR;29;Kilkis;
FR;GR;30;Corynthe;
FR;GR;31;Kozani;
FR;GR;32;Laconie;
FR;GR;33;Larisa;
FR;GR;34;Lasithi;
FR;GR;35;Lesbos;
FR;GR;36;Levkas;
FR;GR;37;Magnisia;
FR;GR;38;Messinia;
FR;GR;39;Pella;
FR;GR;40;Pieria;
FR;GR;41;Piraievs;
FR;GR;42;Préveza;
FR;GR;43;Rethimni;
FR;GR;44;Rodhopi;
FR;GR;45;Samos;
FR;GR;46;Serrai;
FR;GR;47;Thesprotia;
FR;GR;48;Thessalonique;
FR;GR;49;Trikala;
FR;GR;50;Voiotia;
FR;GR;51;Xanthi;
FR;GR;52;Zakinthos;
FR;GR;69;Mont Athos;
FR;GR;A;Macédoine-Orientale;
FR;GR;B;Macédoine-Centrale;
FR;GR;C;Macédoine-Occident.;
FR;GR;D;Épire;
FR;GR;E;Thessalie;
FR;GR;F;Îles Ioniennes;
FR;GR;G;Grèce-Occidentale;
FR;GR;H;Grèce-Centrale;
FR;GR;I;Attique;
FR;GR;J;Péloponnèse;
FR;GR;K;Égée-Septentrionale;
FR;GR;L;Égée-Méridionale;
FR;GR;M;Crète;
FR;GT;AV;Alta Verapaz;
FR;GT;BV;Baja Verapaz;
FR;GT;CM;Chimaltenango;
FR;GT;CQ;Chiquimula;
FR;GT;ES;Escuintla;
FR;GT;GU;Guatemala;
FR;GT;HU;Huehuetenango;
FR;GT;IZ;Izabal;
FR;GT;JA;Jalapa;
FR;GT;JU;Jutiapa;
FR;GT;PE;Petén;
FR;GT;PR;El Progreso;
FR;GT;QC;Quiché;
FR;GT;QZ;Quetzaltenango;
FR;GT;RE;Retalhuleu;
FR;GT;SA;Sacatepéquez;
FR;GT;SM;San Marcos;
FR;GT;SO;Solola;
FR;GT;SR;Santa Rosa;
FR;GT;SU;Suchitepéquez;
FR;GT;TO;Totonicapán;
FR;GT;ZA;Zacapa;
FR;GW;BA;Bafatá;
FR;GW;BL;Bolama;
FR;GW;BM;Biombo;
FR;GW;BS;Bissau;
FR;GW;CA;Cacheu;
FR;GW;GA;Gabu;
FR;GW;OI;Oio;
FR;GW;QU;Quínara;
FR;GW;TO;Tombalí;
FR;GY;BA;Barima-Waini;
FR;GY;CU;Cuyuni-Mazaruni;
FR;GY;DE;Demerara-Mahaica;
FR;GY;EB;Berbice or.-Courant.;
FR;GY;ES;Îles d'Essequibo;
FR;GY;MA;Mahaica-Berbice;
FR;GY;PM;Pomeroon-Supenaam;
FR;GY;PT;Potaro-Siparuni;
FR;GY;UD;Ht-Demerara-Berbice;
FR;GY;UT;Ht-Takutu-Ht-Esseq.;
FR;HK;HK;Hong Kong - Chine;
FR;HK;KLN;Kowloon;
FR;HK;NT;Nouveaux Territoires;
FR;HN;AT;Atlántida;
FR;HN;CH;Choluteca;
FR;HN;CL;Deux points;
FR;HN;CM;Comayagua;
FR;HN;CP;Copán;
FR;HN;CR;Cortés;
FR;HN;EP;El Paraíso;
FR;HN;FM;Francisco Morazán;
FR;HN;GD;Gracias a Dios;
FR;HN;IB;Islas de la Bahía;
FR;HN;IN;Intibucá;
FR;HN;LE;Lempira;
FR;HN;LP;La Paz;
FR;HN;OC;Ocotepeque;
FR;HN;OL;Olancho;
FR;HN;SB;Santa Bárbara;
FR;HN;VA;Valle;
FR;HN;YO;Yoro;
FR;HR;01;Zagreb;
FR;HR;02;Krapina-Zagorje;
FR;HR;03;Sisak-Moslavina;
FR;HR;04;Karlovac;
FR;HR;05;Varaždin;
FR;HR;06;Koprivnica-Križevci;
FR;HR;07;Bjelovar-Bilogora;
FR;HR;08;Primorje-Gorski;
FR;HR;09;Lika-Senj;
FR;HR;10;Virovitica-Podravina;
FR;HR;11;Požega-Slavonie;
FR;HR;12;Brod-Posavina;
FR;HR;13;Zadar;
FR;HR;14;Osijek-Baranja;
FR;HR;15;Šibenik-Knin;
FR;HR;16;Vukovar-Syrmie;
FR;HR;17;Split-Dalmatie;
FR;HR;18;Istrie;
FR;HR;19;Dubrovnik-Neretva;
FR;HR;20;Medjimurje;
FR;HR;21;Zagreb ;
FR;HR;A00;Zagrebacka;
FR;HR;B00;Krapinsko-zagorska;
FR;HR;C00;Sisacko-moslavacka ;
FR;HR;D00;Karlovacka ;
FR;HR;E00;Varazdinska ;
FR;HR;F00;Koprivnicko-krizevac;
FR;HR;G00;Bjelovarsko-bilogors;
FR;HR;H00;Rijecko-goranska ;
FR;HR;I00;Licko-senjska ;
FR;HR;J00;Viroviticko-podravac;
FR;HR;K00;Pozesko-slavonska ;
FR;HR;L00;Slavonskobrodska;
FR;HR;M00;Zadarska ;
FR;HR;N00;Osjecko-baranjska ;
FR;HR;O00;Sibensko-kninska  ;
FR;HR;P00;Vukovarsko-srijemska;
FR;HR;R00;Splitsko-dalmatinska;
FR;HR;S00;Istarska;
FR;HR;T00;Dubrovacko-neretvans;
FR;HR;U00;Medjimurska;
FR;HR;V00;Ville de Zagreb ;
FR;HT;AR;Artibonite;
FR;HT;CE;Centre;
FR;HT;GA;Grand'Anse;
FR;HT;ND;Nord;
FR;HT;NE;Nord-Est;
FR;HT;NI;Nippes;
FR;HT;NO;Nord-Ouest;
FR;HT;OU;Ouest;
FR;HT;SD;Sud;
FR;HT;SE;Sud-Est;
FR;HU;01;Bacs-Kiskun;
FR;HU;02;Baranya;
FR;HU;03;Bekes;
FR;HU;04;Bekescsaba;
FR;HU;05;Borsod-Abauj-Zemplen;
FR;HU;06;Budapest;
FR;HU;07;Csongrad;
FR;HU;08;Debrecen;
FR;HU;09;Dunaujvaros;
FR;HU;10;Eger;
FR;HU;11;Fejer;
FR;HU;12;Gyor;
FR;HU;13;Gyor-Moson-Sopron;
FR;HU;14;Hajdu-Bihar;
FR;HU;15;Heves;
FR;HU;16;Hodmezovasarhely;
FR;HU;17;Jasz-Nagykun-Szolnok;
FR;HU;18;Kaposvar;
FR;HU;19;Kecskemet;
FR;HU;20;Komarom-Esztergom;
FR;HU;21;Miskolc;
FR;HU;22;Nagykanizsa;
FR;HU;23;Nograd;
FR;HU;24;Nyiregyhaza;
FR;HU;25;Pecs;
FR;HU;26;Pest;
FR;HU;27;Somogy;
FR;HU;28;Sopron;
FR;HU;29;Szabolcs-Szat.-Bereg;
FR;HU;30;Szeged;
FR;HU;31;Szekesfehervar;
FR;HU;32;Szolnok;
FR;HU;33;Szombathely;
FR;HU;34;Tatabanya;
FR;HU;35;Tolna;
FR;HU;36;Vas;
FR;HU;37;Veszprem;
FR;HU;38;Zala;
FR;HU;39;Zalaegerszeg;
FR;HU;BA;Baranya;
FR;HU;BC;Békéscsaba;
FR;HU;BE;Békés;
FR;HU;BK;Bács-Kiskun;
FR;HU;BU;Budapest;
FR;HU;BZ;Borsod-Abaúj-Zemplén;
FR;HU;CS;Csongrád;
FR;HU;DE;Debrecen;
FR;HU;DU;Dunaújváros;
FR;HU;EG;Eger;
FR;HU;ER;Érd;
FR;HU;FE;Fejér;
FR;HU;GS;Gyor-Moson-Sopron;
FR;HU;GY;Gyor;
FR;HU;HB;Hajdú-Bihar;
FR;HU;HE;Heves;
FR;HU;HV;Hódmezovásárhely;
FR;HU;JN;Jász-Nagykun-Szolnok;
FR;HU;KE;Komárom-Esztergom;
FR;HU;KM;Kecskemét;
FR;HU;KV;Kaposvár;
FR;HU;MI;Miskolc;
FR;HU;NK;Nagykanizsa;
FR;HU;NO;Nógrád;
FR;HU;NY;Nyíregyháza;
FR;HU;PE;Pest;
FR;HU;PS;Pécs;
FR;HU;SD;Szeged;
FR;HU;SF;Székesfehérvár;
FR;HU;SH;Szombathely;
FR;HU;SK;Szolnok;
FR;HU;SN;Sopron;
FR;HU;SO;Somogy;
FR;HU;SS;Szekszárd;
FR;HU;ST;Salgótarján;
FR;HU;SZ;Szabolcs-Szat.-Bereg;
FR;HU;TB;Tatabánya;
FR;HU;TO;Tolna;
FR;HU;VA;Vas;
FR;HU;VE;Veszprém (comitat);
FR;HU;VM;Veszprém (ville);
FR;HU;ZA;Zala;
FR;HU;ZE;Zalaegerszeg;
FR;ID;01;Jakarta;
FR;ID;02;Java occidental;
FR;ID;03;Java central;
FR;ID;04;Java oriental;
FR;ID;05;Yogyakarta;
FR;ID;06;Aceh;
FR;ID;07;Sumatra du Nord;
FR;ID;08;Sumatra occidental;
FR;ID;09;Riau;
FR;ID;10;Jambi;
FR;ID;11;Sumatra du Sud;
FR;ID;12;Bengkulu;
FR;ID;13;Lampung;
FR;ID;14;Kalimantan du Sud;
FR;ID;15;Kalimantan occid.;
FR;ID;16;Kalimantan central;
FR;ID;17;Kalimantan oriental;
FR;ID;18;Kalimantan du Sud;
FR;ID;19;Sulawesi du Sud-Est;
FR;ID;20;Sulawesi central;
FR;ID;21;Sulawesi du Nord;
FR;ID;22;Bali;
FR;ID;23;Nusa Tenggara occid.;
FR;ID;24;Nusa Tenggara orien.;
FR;ID;25;Moluques;
FR;ID;26;Papouasie occident.;
FR;ID;27;Timor oriental;
FR;ID;AC;Aceh;
FR;ID;BA;Bali;
FR;ID;BB;Îles Bangka Belitung;
FR;ID;BE;Bengkulu;
FR;ID;BT;Banten;
FR;ID;GO;Gorontalo;
FR;ID;JA;Jambi;
FR;ID;JB;Java occidental;
FR;ID;JI;Java oriental;
FR;ID;JK;Jakarta;
FR;ID;JT;Java central;
FR;ID;KB;Kalimantan occident.;
FR;ID;KI;Kalimantan oriental;
FR;ID;KR;Îles Riau;
FR;ID;KS;Kalimantan du Sud;
FR;ID;KT;Kalimantan central;
FR;ID;KU;Kalimantan du Nord;
FR;ID;LA;Lampung;
FR;ID;MA;Moluques;
FR;ID;MU;Moluques du Nord;
FR;ID;NB;Pet. îles Sonde occ.;
FR;ID;NT;Pet. îles Sonde or.;
FR;ID;PA;Papouasie;
FR;ID;PB;Papouasie occident.;
FR;ID;RI;Riau;
FR;ID;SA;Sulawesi du Nord;
FR;ID;SB;Sumatra occidental;
FR;ID;SG;Sulawesi du Sud-Est;
FR;ID;SN;Sulawesi du Sud;
FR;ID;SR;Sulawesi occidental;
FR;ID;SS;Sumatra du Sud;
FR;ID;ST;Sulawesi central;
FR;ID;SU;Sumatra du Nord;
FR;ID;YO;Yogyakarta;
FR;IE;C;Cork;
FR;IE;CE;Clare;
FR;IE;CN;Cavan;
FR;IE;CO;Cork;
FR;IE;CW;Carlow;
FR;IE;D;Dublin;
FR;IE;DL;Donegal;
FR;IE;G;Galway;
FR;IE;KE;Kildare;
FR;IE;KK;Kilkenny;
FR;IE;KY;Kerry;
FR;IE;LD;Longford;
FR;IE;LH;Louth;
FR;IE;LK;Limerick;
FR;IE;LM;Leitrim;
FR;IE;LS;Laois;
FR;IE;MH;Meath;
FR;IE;MN;Monaghan;
FR;IE;MO;Mayo;
FR;IE;OY;Offaly;
FR;IE;RN;Roscommon;
FR;IE;SO;Sligo;
FR;IE;TA;Tipperary;
FR;IE;WD;Waterford;
FR;IE;WH;Westmeath;
FR;IE;WW;Wicklow;
FR;IE;WX;Wexford;
FR;IL;01;Central;
FR;IL;02;Haïfa;
FR;IL;03;Jerusalem;
FR;IL;04;Nord;
FR;IL;05;Sud;
FR;IL;06;Tel Aviv;
FR;IL;D;District sud;
FR;IL;HA;Haïfa;
FR;IL;JM;Jérusalem;
FR;IL;M;District central;
FR;IL;TA;Tel Aviv;
FR;IL;Z;District nord;
FR;IN;01;Andhra Pradesh;
FR;IN;02;Arunachal Pradesh;
FR;IN;03;Assam;
FR;IN;04;Bihar;
FR;IN;05;Goa;
FR;IN;06;Gujarat;
FR;IN;07;Haryana;
FR;IN;08;Himachal Pradesh;
FR;IN;09;Jammu-et-Cachemire;
FR;IN;10;Karnataka;
FR;IN;11;Kerala;
FR;IN;12;Madhya Pradesh;
FR;IN;13;Maharashtra;
FR;IN;14;Manipur;
FR;IN;15;Megalaya;
FR;IN;16;Mizoram;
FR;IN;17;Nagaland;
FR;IN;18;Orissa;
FR;IN;19;Panjab;
FR;IN;20;Rajasthan;
FR;IN;21;Sikkim;
FR;IN;22;Tamil Nadu;
FR;IN;23;Tripura;
FR;IN;24;Uttar Pradesh;
FR;IN;25;Bengale occidental;
FR;IN;26;Andaman-et-Nicobar;
FR;IN;27;Chandigarh;
FR;IN;28;Dadra-&-Nagar-Haveli;
FR;IN;29;Daman et Diu;
FR;IN;30;Delhi;
FR;IN;31;Lakshadweep;
FR;IN;32;Pondichéry;
FR;IN;33;Chhaattisgarh;
FR;IN;34;Jharkhand;
FR;IN;35;Uttaranchal;
FR;IN;AN;Îles Andaman-et-Nico;
FR;IN;AP;Andhra Pradesh;
FR;IN;AR;Arunachal Pradesh;
FR;IN;AS;Assam;
FR;IN;BR;Bihar;
FR;IN;CH;Chandigarh;
FR;IN;CT;Chhattisgarh;
FR;IN;DD;Daman et Diu;
FR;IN;DL;Delhi;
FR;IN;DN;Dadra et Nagar Hav.;
FR;IN;GA;Goa;
FR;IN;GJ;Gujarat;
FR;IN;HP;Himachal Pradesh;
FR;IN;HR;Haryana;
FR;IN;JH;Jharkhand;
FR;IN;JK;Jammu-et-Cachemire;
FR;IN;KA;Karnataka;
FR;IN;KL;Kerala;
FR;IN;LD;Lakshadweep;
FR;IN;MH;Maharashtra;
FR;IN;ML;Meghalaya;
FR;IN;MN;Manipur;
FR;IN;MP;Madhya Pradesh;
FR;IN;MZ;Mizoram;
FR;IN;NL;Nagaland;
FR;IN;OR;Odisha;
FR;IN;PB;Pendjab;
FR;IN;PY;Pondichéry;
FR;IN;RJ;Rajasthan;
FR;IN;SK;Sikkim;
FR;IN;TG;Telangana;
FR;IN;TN;Tamil Nadu;
FR;IN;TR;Tripura;
FR;IN;UP;Uttar Pradesh;
FR;IN;UT;Uttarakhand;
FR;IN;WB;Bengale-Occidental;
FR;IQ;AN;Al-Anbar;
FR;IQ;AR;Erbil;
FR;IQ;BA;Bassorah;
FR;IQ;BB;Bâbil;
FR;IQ;BG;Bagdad;
FR;IQ;DA;Dohuk;
FR;IQ;DI;Diyala;
FR;IQ;DQ;Dhi Qar;
FR;IQ;KA;Kerbala;
FR;IQ;KI;Kirkouk;
FR;IQ;MA;Maysan;
FR;IQ;MU;Al-Muthanna;
FR;IQ;NA;An-Nadjaf;
FR;IQ;NI;Ninive;
FR;IQ;QA;Al-Qadisiyya;
FR;IQ;SD;Salah ad-Din;
FR;IQ;SU;As-Sulaymâniya;
FR;IQ;WA;Al-Wâsit;
FR;IR;01;Azerbaïdjan oriental;
FR;IR;02;Azerbaïdjan occid.;
FR;IR;03;Ardabil;
FR;IR;04;Ispahan;
FR;IR;05;Ilam;
FR;IR;06;Bouchehr;
FR;IR;07;Téhéran;
FR;IR;08;Chahar Mah.Bakhtiari;
FR;IR;10;Khouzistan;
FR;IR;11;Zanjan;
FR;IR;12;Semnan;
FR;IR;13;Sistan-Baloutchistan;
FR;IR;14;Fars;
FR;IR;15;Kerman;
FR;IR;16;Kurdistan;
FR;IR;17;Kermanshah;
FR;IR;18;KohgiluyehBoyerAhm.;
FR;IR;19;Gilân;
FR;IR;20;Lorestan;
FR;IR;21;Mazandéran;
FR;IR;22;Markazi;
FR;IR;23;Hormozgân;
FR;IR;24;Hamadan;
FR;IR;25;Yazd;
FR;IR;26;Qom;
FR;IR;27;Golestan;
FR;IR;28;Qazvin;
FR;IR;29;Khorasan méridional;
FR;IR;30;Khorasan-e Razavi;
FR;IR;31;Khorasan septentr.;
FR;IR;32;Elbourz;
FR;IS;1;Région de capitale;
FR;IS;2;Péninsule méridion.;
FR;IS;3;Ouest (Vesturland);
FR;IS;4;Fjords de l’Ouest;
FR;IS;5;Nord-Ouest;
FR;IS;6;Nord-Est;
FR;IS;7;Est (Austurland);
FR;IS;8;Sud (Suðurland);
FR;IT;AG;Agrigente;
FR;IT;AL;Alexandrie;
FR;IT;AN;Ancône;
FR;IT;AO;Aoste;
FR;IT;AP;Ascoli Piceno;
FR;IT;AQ;L'Aquila;
FR;IT;AR;Arezzo;
FR;IT;AT;Asti;
FR;IT;AV;Avellino;
FR;IT;BA;Bari;
FR;IT;BG;Bergame;
FR;IT;BI;Biella;
FR;IT;BL;Belluno;
FR;IT;BN;Bénévent;
FR;IT;BO;Bologne;
FR;IT;BR;Brindisi;
FR;IT;BS;Brescia;
FR;IT;BT;Barletta-Andria-Tr.;
FR;IT;BZ;Bolzano;
FR;IT;CA;Cagliari;
FR;IT;CB;Campobasso;
FR;IT;CE;Caserte;
FR;IT;CH;Chieti;
FR;IT;CI;Carbonia-Iglesias;
FR;IT;CL;Caltanissetta;
FR;IT;CN;Coni;
FR;IT;CO;Côme;
FR;IT;CR;Crémone;
FR;IT;CS;Cosenza;
FR;IT;CT;Catane;
FR;IT;CZ;Catanzaro;
FR;IT;EE;Stati Esteri;
FR;IT;EN;Enna;
FR;IT;FC;Forli/Cesana;
FR;IT;FE;Ferrare;
FR;IT;FG;Foggia;
FR;IT;FI;Florence;
FR;IT;FM;Fermo;
FR;IT;FR;Frosinone;
FR;IT;FU;Fiume;
FR;IT;GE;Gênes;
FR;IT;GO;Gorizia;
FR;IT;GR;Grosseto;
FR;IT;IM;Imperia;
FR;IT;IS;Isernia;
FR;IT;KR;Crotone;
FR;IT;LC;Lecco;
FR;IT;LE;Lecce;
FR;IT;LI;Livourne;
FR;IT;LO;Lodi;
FR;IT;LT;Latina;
FR;IT;LU;Lucques;
FR;IT;MB;Monza et Brianza;
FR;IT;MC;Macerata;
FR;IT;ME;Messine;
FR;IT;MI;Milan;
FR;IT;MN;Mantoue;
FR;IT;MO;Modène;
FR;IT;MS;Massa-Carrara;
FR;IT;MT;Matera;
FR;IT;NA;Naples;
FR;IT;NO;Novare;
FR;IT;NU;Nuoro;
FR;IT;OG;Ogliastra;
FR;IT;OR;Oristano;
FR;IT;OT;Olbia-Tempio;
FR;IT;PA;Palerme;
FR;IT;PC;Plaisance;
FR;IT;PD;Padoue;
FR;IT;PE;Pescara;
FR;IT;PG;Pérouse;
FR;IT;PI;Pise;
FR;IT;PL;Pola;
FR;IT;PN;Pordenone;
FR;IT;PO;Prato;
FR;IT;PR;Parme;
FR;IT;PT;Pistoia;
FR;IT;PU;Pesaro-Urbino;
FR;IT;PV;Pavie;
FR;IT;PZ;Potenza;
FR;IT;RA;Ravenne;
FR;IT;RC;Reggio de Calabre;
FR;IT;RE;Reggio d'Émilie;
FR;IT;RG;Raguse;
FR;IT;RI;Rieti;
FR;IT;RM;Rome;
FR;IT;RN;Rimini;
FR;IT;RO;Rovigo;
FR;IT;SA;Salerne;
FR;IT;SI;Sienne;
FR;IT;SO;Sondrio;
FR;IT;SP;La Spezia;
FR;IT;SR;Syracuse;
FR;IT;SS;Sassari;
FR;IT;SV;Savone;
FR;IT;TA;Tarente;
FR;IT;TE;Teramo;
FR;IT;TN;Trente;
FR;IT;TO;Turin;
FR;IT;TP;Trapani;
FR;IT;TR;Terni;
FR;IT;TS;Trieste;
FR;IT;TV;Trévise;
FR;IT;UD;Udine;
FR;IT;VA;Varèse;
FR;IT;VB;Verbania;
FR;IT;VC;Verceil;
FR;IT;VE;Venise;
FR;IT;VI;Vicence;
FR;IT;VR;Vérone;
FR;IT;VS;Medio Campidano;
FR;IT;VT;Viterbe;
FR;IT;VV;Vibo Valentia;
FR;IT;ZA;Zara;
FR;JM;01;Kingston;
FR;JM;02;Saint-Andrews;
FR;JM;03;Saint-Thomas;
FR;JM;04;Portland;
FR;JM;05;Saint Mary;
FR;JM;06;Saint Ann;
FR;JM;07;Trelawny;
FR;JM;08;Saint James;
FR;JM;09;Hanover;
FR;JM;10;Westmoreland;
FR;JM;11;Saint Elizabeth;
FR;JM;12;Manchester;
FR;JM;13;Clarendon;
FR;JM;14;Sainte-Catherine;
FR;JO;AJ;Ajlun;
FR;JO;AM;Amman;
FR;JO;AQ;Aqaba;
FR;JO;AT;Tafilah;
FR;JO;AZ;Zarka;
FR;JO;BA;Balqa;
FR;JO;IR;Irbid;
FR;JO;JA;Gérasa;
FR;JO;KA;Al-Karak;
FR;JO;MA;Mafraq;
FR;JO;MD;Madaba;
FR;JO;MN;Ma'an;
FR;JP;01;Hokkaido;
FR;JP;02;Aomori;
FR;JP;03;Iwate;
FR;JP;04;Miyagi;
FR;JP;05;Akita;
FR;JP;06;Yamagata;
FR;JP;07;Fukushima;
FR;JP;08;Ibaraki;
FR;JP;09;Tochigi;
FR;JP;10;Gunma;
FR;JP;11;Saitama;
FR;JP;12;Chiba;
FR;JP;13;Tokyo;
FR;JP;14;Kanagawa;
FR;JP;15;Niigata;
FR;JP;16;Toyama;
FR;JP;17;Ishikawa;
FR;JP;18;Fukui;
FR;JP;19;Yamanashi;
FR;JP;20;Nagano;
FR;JP;21;Gifu;
FR;JP;22;Shizuoka;
FR;JP;23;Aichi;
FR;JP;24;Mie;
FR;JP;25;Shiga;
FR;JP;26;Kyoto;
FR;JP;27;Osaka;
FR;JP;28;Hyogo;
FR;JP;29;Nara;
FR;JP;30;Wakayama;
FR;JP;31;Tottori;
FR;JP;32;Shimane;
FR;JP;33;Okayama;
FR;JP;34;Hiroshima;
FR;JP;35;Yamaguchi;
FR;JP;36;Tokushima;
FR;JP;37;Kagawa;
FR;JP;38;Ehime;
FR;JP;39;Kochi;
FR;JP;40;Fukuoka;
FR;JP;41;Saga;
FR;JP;42;Nagasaki;
FR;JP;43;Kumamoto;
FR;JP;44;Oita;
FR;JP;45;Miyazaki;
FR;JP;46;Kagoshima;
FR;JP;47;Okinawa;
FR;KE;01;Baringo;
FR;KE;02;Bomet;
FR;KE;03;Bungoma;
FR;KE;04;Busia;
FR;KE;05;Elgeyo/Marakwet;
FR;KE;06;Embu;
FR;KE;07;Garissa;
FR;KE;08;Homa Bay;
FR;KE;09;Isiolo;
FR;KE;10;Kajiado;
FR;KE;11;Kakamega;
FR;KE;12;Kericho;
FR;KE;13;Kiambu;
FR;KE;14;Kilifi;
FR;KE;15;Kirinyaga;
FR;KE;16;Kisii;
FR;KE;17;Kisumu;
FR;KE;18;Kitui;
FR;KE;19;Kwale;
FR;KE;20;Laikipia;
FR;KE;21;Lamu;
FR;KE;22;Machakos;
FR;KE;23;Makueni;
FR;KE;24;Mandera;
FR;KE;25;Marsabit;
FR;KE;26;Meru;
FR;KE;27;Migori;
FR;KE;28;Mombasa;
FR;KE;29;Murang'a;
FR;KE;30;Nairobi;
FR;KE;31;Nakuru;
FR;KE;32;Nandi;
FR;KE;33;Narok;
FR;KE;34;Nyamira;
FR;KE;35;Nyandarua;
FR;KE;36;Nyeri;
FR;KE;37;Samburu;
FR;KE;38;Siaya;
FR;KE;39;Taita/Taveta;
FR;KE;40;Tana River;
FR;KE;41;Tharaka-Nithi;
FR;KE;42;Trans-Nzoia;
FR;KE;43;Turkana;
FR;KE;44;Uasin Gishu;
FR;KE;45;Vihiga;
FR;KE;46;Wajir;
FR;KE;47;West Pokot;
FR;KG;B;Batken;
FR;KG;C;Tchouï;
FR;KG;GB;Bichkek;
FR;KG;GO;Och;
FR;KG;J;Djalalabad;
FR;KG;N;Naryn;
FR;KG;O;Province d'Och;
FR;KG;T;Talas;
FR;KG;Y;Yssyk Koul;
FR;KH;1;Banteay Mean Chey;
FR;KH;10;Kratie;
FR;KH;11;Mondol Kiri;
FR;KH;12;Phnom Penh;
FR;KH;13;Preah Vihear;
FR;KH;14;Prey Veng;
FR;KH;15;Pousaat;
FR;KH;16;Rotanah Kiri;
FR;KH;17;Siem-Reap;
FR;KH;18;Sihanoukville;
FR;KH;19;Stoeng Treng;
FR;KH;2;Battambang;
FR;KH;20;Svay Rieng;
FR;KH;21;Taakaev;
FR;KH;22;Otdar Mean Cheay;
FR;KH;23;Krong Kaeb;
FR;KH;24;Krong Pailin;
FR;KH;25;Tbong Khmum;
FR;KH;3;Kampong Cham;
FR;KH;4;Kampong Chhnang;
FR;KH;5;Kampong Spoe;
FR;KH;6;Kampong Thom;
FR;KH;7;Kampot;
FR;KH;8;Kandal;
FR;KH;9;Kaoh Kong;
FR;KI;G;Îles Gilbert;
FR;KI;L;Îles de la Ligne;
FR;KI;P;Îles Phœnix;
FR;KM;A;Anjouan;
FR;KM;G;Grande Comore;
FR;KM;M;Mohéli;
FR;KN;01;ChristChurchNicholaT;
FR;KN;02;St-Anne Sandy Point;
FR;KN;03;St-George Basseterre;
FR;KN;04;St-George Gingerland;
FR;KN;05;Saint-James Windward;
FR;KN;06;St-John Capisterre;
FR;KN;07;Saint-John Figtree;
FR;KN;08;Saint-Mary Cayon;
FR;KN;09;St-Paul Capisterre;
FR;KN;10;St-Paul Charlestown;
FR;KN;11;St-Peter Basseterre;
FR;KN;12;Saint-Thomas Lowland;
FR;KN;13;St-Thomas Mid.Island;
FR;KN;15;Trinity Palmetto Pt.;
FR;KP;01;Pyongyang;
FR;KP;02;Pyongan du Sud;
FR;KP;03;Pyongan du Nord;
FR;KP;04;Jagang;
FR;KP;05;Hwanghae du Sud;
FR;KP;06;Hwanghae du Nord;
FR;KP;07;Kangwon;
FR;KP;08;Hamgyong du Sud;
FR;KP;09;Hamgyong du Nord;
FR;KP;10;Ryanggang;
FR;KP;13;Rason;
FR;KP;14;Nampo;
FR;KR;01;Jeju;
FR;KR;02;Jeolla du Nord;
FR;KR;03;Jeolla du Sud;
FR;KR;04;Chungcheong du Nord;
FR;KR;05;Chungcheong du Sud;
FR;KR;06;Incheon;
FR;KR;07;Gangwon;
FR;KR;08;Gwangju;
FR;KR;09;Gyeonggi;
FR;KR;10;Gyeongsang du Nord;
FR;KR;11;Séoul;
FR;KR;12;Busan;
FR;KR;13;Séoul;
FR;KR;14;Daegu;
FR;KR;15;Daejeon;
FR;KR;16;Ulsan;
FR;KR;17;Sejong;
FR;KR;26;Busan;
FR;KR;27;Daegu;
FR;KR;28;Incheon;
FR;KR;29;Gwangju;
FR;KR;30;Daejeon;
FR;KR;31;Ulsan;
FR;KR;41;Gyeonggi;
FR;KR;42;Gangwon;
FR;KR;43;Chungcheong du Nord;
FR;KR;44;Chungcheong du Sud;
FR;KR;45;Jeolla du Nord;
FR;KR;46;Jeolla du Sud;
FR;KR;47;Gyeongsang du Nord;
FR;KR;48;Gyeongsang du Sud;
FR;KR;49;Jeju;
FR;KR;50;Sejong;
FR;KW;AH;Al Ahmadi;
FR;KW;FA;Al Farwaniyah;
FR;KW;HA;Hawalli;
FR;KW;JA;Al Jahra;
FR;KW;KU;Al Kuwayt(Al Asimah);
FR;KW;KW;Koweït;
FR;KW;MU;Mubarak al Kabir;
FR;KZ;00;Almatynskaia;
FR;KZ;01;Kostanaiskaia;
FR;KZ;02;Severo-Kazakhstansk;
FR;KZ;03;Pavlodarskaia;
FR;KZ;04;Akmolinskaia;
FR;KZ;05;Aktubinskaia;
FR;KZ;06;Atyrauskaia;
FR;KZ;07;Zapadno-Kazakhst;
FR;KZ;08;Mangystayskaia;
FR;KZ;09;Karagandinskaia;
FR;KZ;10;Vostochno-Kazakhstan;
FR;KZ;11;Gambilskaia;
FR;KZ;12;Kyzilordinskaia;
FR;KZ;AKM;Région d'Aqmola;
FR;KZ;AKT;Région d'Aktioubé;
FR;KZ;ALA;Almaty;
FR;KZ;ALM;Région d'Almaty;
FR;KZ;AST;Astana;
FR;KZ;ATY;Région d'Atyraou;
FR;KZ;BAY;Baïkonour;
FR;KZ;KAR;Région de Karaganda;
FR;KZ;KUS;Région de Kostanaï;
FR;KZ;KZY;Région de Kyzylorda;
FR;KZ;MAN;Région Manguistaou;
FR;KZ;PAV;Région de Pavlodar;
FR;KZ;SEV;Kazakhstan-Septentr.;
FR;KZ;VOS;Kazakhstan-Oriental;
FR;KZ;YUZ;Kazakhstan-Méridion.;
FR;KZ;ZAP;Kazakhstan-occident.;
FR;KZ;ZHA;Région de Djamboul;
FR;LA;AT;Attapeu;
FR;LA;BK;Bokeo;
FR;LA;BL;Borikhamxay;
FR;LA;CH;Champassak;
FR;LA;HO;Houaphan;
FR;LA;KH;Khammouane;
FR;LA;LM;Louang Namtha;
FR;LA;LP;Luang Prabang;
FR;LA;OU;Oudomxay;
FR;LA;PH;Phongsaly;
FR;LA;SL;Salavan;
FR;LA;SV;Savannakhet;
FR;LA;VI;Vientiane;
FR;LA;VT;Préfecture Vientiane;
FR;LA;XA;Sayaboury;
FR;LA;XE;Sékong;
FR;LA;XI;Xieng Khouang;
FR;LA;XS;Xaisomboun;
FR;LB;AK;Akkar;
FR;LB;AS;Gouvernorat du Nord;
FR;LB;BA;Beyrouth;
FR;LB;BH;Baalbek-Hermel;
FR;LB;BI;Bekaa;
FR;LB;JA;Sud-Liban;
FR;LB;JL;Mont Liban;
FR;LB;NA;Nabatieh;
FR;LI;01;Balzers;
FR;LI;02;Eschen;
FR;LI;03;Gamprin;
FR;LI;04;Mauren;
FR;LI;05;Planken;
FR;LI;06;Ruggell;
FR;LI;07;Schaan;
FR;LI;08;Schellenberg;
FR;LI;09;Triesen;
FR;LI;10;Triesenberg;
FR;LI;11;Vaduz;
FR;LK;11;Colombo;
FR;LK;12;Gampaha;
FR;LK;13;Kalutara;
FR;LK;21;Kandy;
FR;LK;22;Matale;
FR;LK;23;Nuwara Eliya;
FR;LK;31;Galle;
FR;LK;32;Matara;
FR;LK;33;Hambantota;
FR;LK;41;Jaffna;
FR;LK;42;Kilinochchi;
FR;LK;43;Mannar;
FR;LK;44;Vavuniya;
FR;LK;45;Mullaitivu;
FR;LK;51;Batticaloa;
FR;LK;52;Ampara;
FR;LK;53;Trinquemalay;
FR;LK;61;Kurunegala;
FR;LK;62;Puttalam;
FR;LK;71;Anurâdhapura;
FR;LK;72;Polonnâruvâ;
FR;LK;81;Badulla;
FR;LK;82;Moneragala;
FR;LK;91;Ratnapura;
FR;LK;92;Kegalle;
FR;LR;BG;Bong;
FR;LR;BM;Bomi;
FR;LR;CM;Grand Cape Mount;
FR;LR;GB;Grand Bassa;
FR;LR;GG;Grand Gedeh;
FR;LR;GK;Grand Kru;
FR;LR;GP;Gbarpolu;
FR;LR;LO;Lofa;
FR;LR;MG;Margibi;
FR;LR;MO;Montserrado;
FR;LR;MY;Maryland;
FR;LR;NI;Nimba;
FR;LR;RG;River Gee;
FR;LR;RI;River Cess;
FR;LR;SI;Sinoe;
FR;LS;A;Maseru;
FR;LS;B;Butha-Buthe;
FR;LS;C;Leribe;
FR;LS;D;Berea;
FR;LS;E;Mafeteng;
FR;LS;F;Mohale's Hoek;
FR;LS;G;Quthing;
FR;LS;H;Qacha's Nek;
FR;LS;J;Mokhotlong;
FR;LS;K;Thaba-Tseka;
FR;LT;AL;Apskritis d'Alytus;
FR;LT;KL;Apskritis Klaipeda;
FR;LT;KU;Apskritis de Kaunas;
FR;LT;MR;Apskritis Marijam.;
FR;LT;PN;Apskritis Panevežys;
FR;LT;SA;Apskritis Šiauliai;
FR;LT;TA;Apskritis de Taurage;
FR;LT;TE;Apskritis de Telšiai;
FR;LT;UT;Apskritis d'Utena;
FR;LT;VL;Apskritis de Vilnius;
FR;LU;CA;Capellen;
FR;LU;CL;Clervaux;
FR;LU;DI;Diekirch;
FR;LU;EC;Echternach;
FR;LU;ES;Esch-sur-Alzette;
FR;LU;GR;Grevenmacher;
FR;LU;LU;Luxembourg;
FR;LU;ME;Mersch;
FR;LU;RD;Redange;
FR;LU;RM;Remich;
FR;LU;VD;Vianden;
FR;LU;WI;Wiltz;
FR;LV;001;Aglona;
FR;LV;002;Aizkraukle;
FR;LV;003;Aizpute;
FR;LV;004;Akniste;
FR;LV;005;Aloja;
FR;LV;006;Alsunga;
FR;LV;007;Aluksne;
FR;LV;008;Amata;
FR;LV;009;Ape;
FR;LV;010;Auce;
FR;LV;011;Adazi;
FR;LV;012;Babite;
FR;LV;013;Baldone;
FR;LV;014;Baltinava;
FR;LV;015;Balvi;
FR;LV;016;Bauska;
FR;LV;017;Beverina;
FR;LV;018;Broceni;
FR;LV;019;Burtnieki;
FR;LV;020;Carnikava;
FR;LV;021;Cesvaine;
FR;LV;022;Cesis;
FR;LV;023;Cibla;
FR;LV;024;Dagda;
FR;LV;025;Daugavpils;
FR;LV;026;Dobele;
FR;LV;027;Dundaga;
FR;LV;028;Durbe;
FR;LV;029;Engure;
FR;LV;030;Ergli;
FR;LV;031;Garkalne;
FR;LV;032;Grobina;
FR;LV;033;Gulbene;
FR;LV;034;Iecava;
FR;LV;035;Ikšlile;
FR;LV;036;Ilukste;
FR;LV;037;Incukalns;
FR;LV;038;Jaunjelgava;
FR;LV;039;Jaunpiebalga;
FR;LV;040;Jaunpils;
FR;LV;041;Jelgava;
FR;LV;042;Jekabpils;
FR;LV;043;Kandava;
FR;LV;044;Karsava;
FR;LV;045;Koceni;
FR;LV;046;Koknese;
FR;LV;047;Kraslava;
FR;LV;048;Krimulda;
FR;LV;049;Krustpils;
FR;LV;050;Kuldiga;
FR;LV;051;Kegums;
FR;LV;052;Kekava;
FR;LV;053;Lielvarde;
FR;LV;054;Limbaži;
FR;LV;055;Ligatne;
FR;LV;056;Livani;
FR;LV;057;Lubana;
FR;LV;058;Ludza;
FR;LV;059;Madona;
FR;LV;060;Mazsalaca;
FR;LV;061;Malpils;
FR;LV;062;Marupe;
FR;LV;063;Mersrags;
FR;LV;064;Naukšeni;
FR;LV;065;Nereta;
FR;LV;066;Nica;
FR;LV;067;Ogre;
FR;LV;068;Olaine;
FR;LV;069;Ozolnieki;
FR;LV;070;Pargauja;
FR;LV;071;Pavilosta;
FR;LV;072;Plavinas;
FR;LV;073;Preili;
FR;LV;074;Priekule;
FR;LV;075;Priekuli;
FR;LV;076;Rauna;
FR;LV;077;Rezekne;
FR;LV;078;Riebini;
FR;LV;079;Roja;
FR;LV;080;Ropaži;
FR;LV;081;Rucava;
FR;LV;082;Rugaji;
FR;LV;083;Rundale;
FR;LV;084;Rujiena;
FR;LV;085;Sala;
FR;LV;086;Salacgriva;
FR;LV;087;Salaspils;
FR;LV;088;Saldus;
FR;LV;089;Saulkrasti;
FR;LV;090;Seja;
FR;LV;091;Sigulda;
FR;LV;092;Skriveri;
FR;LV;093;Skrunda;
FR;LV;094;Smiltene;
FR;LV;095;Stopini;
FR;LV;096;Strenci;
FR;LV;097;Talsi;
FR;LV;098;Tervete;
FR;LV;099;Tukums;
FR;LV;100;Vainode;
FR;LV;101;Valka;
FR;LV;102;Varaklani;
FR;LV;103;Varkava;
FR;LV;104;Vecpiebalga;
FR;LV;105;Vecumnieki;
FR;LV;106;Ventspils;
FR;LV;107;Viesite;
FR;LV;108;Vilaka;
FR;LV;109;Vilani;
FR;LV;110;Zilupe;
FR;LV;DGV;Daugavpils;
FR;LV;JEL;Jelgava;
FR;LV;JKB;Jekabpils;
FR;LV;JUR;Jurmala;
FR;LV;LPX;Liepaja;
FR;LV;REZ;Rezekne;
FR;LV;RIX;Riga;
FR;LV;VEN;Ventspils;
FR;LV;VMR;Valmiera;
FR;LY;BA;Benghazi;
FR;LY;BU;Al Boutnan;
FR;LY;DR;Derna;
FR;LY;GT;Ghat;
FR;LY;JA;Djebel Akhdar;
FR;LY;JG;Al Djabal al Gharbi;
FR;LY;JI;Al Djfara;
FR;LY;JU;Al Djoufrah;
FR;LY;KF;Al-Koufrah;
FR;LY;MB;Al Mourqoub;
FR;LY;MI;Misurata;
FR;LY;MJ;Al Marj;
FR;LY;MQ;Mourzouq;
FR;LY;NL;Nalout;
FR;LY;NQ;An Nouqat al Khams;
FR;LY;SB;Sebha;
FR;LY;SR;Syrte;
FR;LY;TB;Tripoli;
FR;LY;WA;Al Wahat;
FR;LY;WD;Wadi al Hayaat;
FR;LY;WS;Wadi ach Chatii;
FR;LY;ZA;Zaouïa;
FR;MA;01;TangerTetouanAlHoceï;
FR;MA;02;L'Oriental;
FR;MA;03;Fès-Meknès;
FR;MA;04;Rabat-Salé-Kénitra;
FR;MA;05;Béni Mellal-Khénifra;
FR;MA;06;Casablanca-Settat;
FR;MA;07;Marrakech-Safi;
FR;MA;08;Drâa-Tafilalet;
FR;MA;09;Souss-Massa;
FR;MA;10;Guelmim-Oued Noun;
FR;MA;11;LaâyouneSakiaElHamra;
FR;MA;12;Dakhla-Oued Ed-Dahab;
FR;MA;13;Obsolète;
FR;MA;14;Obsolète;
FR;MA;15;Obsolète;
FR;MA;16;Obsolète;
FR;MD;AN;Anenii Noi;
FR;MD;BA;Balti;
FR;MD;BD;Bender (Tighina);
FR;MD;BR;Briceni;
FR;MD;BS;Basarabeasca;
FR;MD;CA;Cahul;
FR;MD;CL;Calarasi;
FR;MD;CM;Cimislia;
FR;MD;CR;Criuleni;
FR;MD;CS;Causeni;
FR;MD;CT;Cantemir;
FR;MD;CU;Chisinau;
FR;MD;DO;Donduseni;
FR;MD;DR;Drochia;
FR;MD;DU;Dubasari;
FR;MD;ED;Edinet;
FR;MD;FA;Falesti;
FR;MD;FL;Floresti;
FR;MD;GA;Gagaouzie (UTAG);
FR;MD;GL;Glodeni;
FR;MD;HI;Hincesti;
FR;MD;IA;Ialoveni;
FR;MD;LE;Leova;
FR;MD;NI;Nisporeni;
FR;MD;OC;Ocnita;
FR;MD;OR;Orhei;
FR;MD;RE;Rezina;
FR;MD;RI;Riscani;
FR;MD;SD;Soldanesti;
FR;MD;SI;Sîngerei;
FR;MD;SN;Stinga Nistrului UTD;
FR;MD;SO;Soroca;
FR;MD;ST;Straseni;
FR;MD;SV;Stefan Voda;
FR;MD;TA;Taraclia;
FR;MD;TE;Telenesti;
FR;MD;UN;Ungheni;
FR;ME;01;Andrijevica;
FR;ME;02;Bar;
FR;ME;03;Berane;
FR;ME;04;Bijelo Polje;
FR;ME;05;Budva;
FR;ME;06;Cetinje;
FR;ME;07;Danilovgrad;
FR;ME;08;Herceg Novi;
FR;ME;09;Kolašin;
FR;ME;10;Kotor;
FR;ME;11;Mojkovac;
FR;ME;12;Nikšic;
FR;ME;13;Plav;
FR;ME;14;Pljevlja;
FR;ME;15;Plužine;
FR;ME;16;Podgorica;
FR;ME;17;Rožaje;
FR;ME;18;Šavnik;
FR;ME;19;Tivat;
FR;ME;20;Ulcinj;
FR;ME;21;Žabljak;
FR;ME;22;Gusinje;
FR;ME;23;Petnjica;
FR;MG;A;Toamasina;
FR;MG;D;Antsiranana;
FR;MG;F;Fianarantsoa;
FR;MG;M;Mahajanga;
FR;MG;T;Antananarivo;
FR;MG;U;Toliara;
FR;ML;1;Kayes;
FR;ML;10;Taoudénit;
FR;ML;2;Koulikoro;
FR;ML;3;Sikasso;
FR;ML;4;Ségou;
FR;ML;5;Mopti;
FR;ML;6;Tombouctou;
FR;ML;7;Gao;
FR;ML;8;Kidal;
FR;ML;9;Ménaka;
FR;ML;BK0;Bamako;
FR;MM;01;Sagaing;
FR;MM;02;Pégou;
FR;MM;03;Magway;
FR;MM;04;Mandalay;
FR;MM;05;Tanintharyi;
FR;MM;06;Rangoun;
FR;MM;07;Ayeyarwady;
FR;MM;11;Kachin;
FR;MM;12;Kayah;
FR;MM;13;Karen;
FR;MM;14;Chin;
FR;MM;15;Môn;
FR;MM;16;Arakan;
FR;MM;17;Shan;
FR;MM;18;Naypyidaw;
FR;MN;035;Orhon;
FR;MN;037;Darkhan-Uul;
FR;MN;039;Khentii;
FR;MN;041;Khövsgöl;
FR;MN;043;Khovd;
FR;MN;046;Uvs;
FR;MN;047;Töv;
FR;MN;049;Selenge;
FR;MN;051;Sükhbaatar;
FR;MN;053;Ömnögovi;
FR;MN;055;Övörkhangai;
FR;MN;057;Zavkhan;
FR;MN;059;Dundgovi;
FR;MN;061;Dornod;
FR;MN;063;Dornogovi;
FR;MN;064;Govisümber;
FR;MN;065;Govi-Altay;
FR;MN;067;Bulgan;
FR;MN;069;Bayankhongor;
FR;MN;071;Bayan-Ölgii;
FR;MN;073;Arkhangai;
FR;MN;1;Oulan-Bator;
FR;MR;01;Hodh Ech Chargui;
FR;MR;02;Hodh El Gharbi;
FR;MR;03;Assaba;
FR;MR;04;Gorgol;
FR;MR;05;Brakna;
FR;MR;06;Trarza;
FR;MR;07;Adrar;
FR;MR;08;Dakhlet Nouadhibou;
FR;MR;09;Tagant;
FR;MR;10;Guidimaka;
FR;MR;11;Tiris Zemmour;
FR;MR;12;Inchiri;
FR;MR;13;Nouakchott-Nord;
FR;MR;14;Nouakchott-Ouest;
FR;MR;15;Nouakchott-Sud;
FR;MT;01;Attard;
FR;MT;02;Balzan;
FR;MT;03;Birgu;
FR;MT;04;Birkirkara;
FR;MT;05;Birzebbuga;
FR;MT;06;Bormla;
FR;MT;07;Dingli;
FR;MT;08;Fgura;
FR;MT;09;Floriana;
FR;MT;10;Fontana;
FR;MT;11;Gudja;
FR;MT;12;Gzira;
FR;MT;13;Ghajnsielem;
FR;MT;14;Gharb;
FR;MT;15;Gharghur;
FR;MT;16;Ghasri;
FR;MT;17;Ghaxaq;
FR;MT;18;Hamrun;
FR;MT;19;Iklin;
FR;MT;20;Isla;
FR;MT;21;Kalkara;
FR;MT;22;Kercem;
FR;MT;23;Kirkop;
FR;MT;24;Lija;
FR;MT;25;Luqa;
FR;MT;26;Marsa;
FR;MT;27;Marsaskala;
FR;MT;28;Marsaxlokk;
FR;MT;29;Mdina;
FR;MT;30;Mellieha;
FR;MT;31;Mgarr;
FR;MT;32;Mosta;
FR;MT;33;Mqabba;
FR;MT;34;Msida;
FR;MT;35;Mtarfa;
FR;MT;36;Munxar;
FR;MT;37;Nadur;
FR;MT;38;Naxxar;
FR;MT;39;Paola;
FR;MT;40;Pembroke;
FR;MT;41;Pietà;
FR;MT;42;Qala;
FR;MT;43;Qormi;
FR;MT;44;Qrendi;
FR;MT;45;Rabat (Gozo);
FR;MT;46;Rabat (Malte);
FR;MT;47;Safi;
FR;MT;48;San Giljan;
FR;MT;49;Saint-Jean;
FR;MT;50;San Lawrenz;
FR;MT;51;San Pawl il-Bahar;
FR;MT;52;Sannat;
FR;MT;53;Sainte-Lucie;
FR;MT;54;Santa Venera;
FR;MT;55;Siggiewi;
FR;MT;56;Sliema;
FR;MT;57;Swieqi;
FR;MT;58;Ta' Xbiex;
FR;MT;59;Tarxien;
FR;MT;60;La Valette;
FR;MT;61;Xaghra;
FR;MT;62;Xewkija;
FR;MT;63;Xghajra;
FR;MT;64;Zabbar;
FR;MT;65;Zebbug (Gozo);
FR;MT;66;Zebbug (Malte);
FR;MT;67;Zejtun;
FR;MT;68;Zurrieq;
FR;MU;AG;Îles d'Agaléga;
FR;MU;BL;Rivière Noire;
FR;MU;BR;Beau BassinRose Hill;
FR;MU;CC;Saint-Brandon;
FR;MU;CU;Curepipe;
FR;MU;FL;Flacq;
FR;MU;GP;Grand Port;
FR;MU;MO;Moka;
FR;MU;PA;Pamplemousses;
FR;MU;PL;Port-Louis(district);
FR;MU;PU;Port-Louis (ville);
FR;MU;PW;Plaines Wilhems;
FR;MU;QB;Quatre Bornes;
FR;MU;RO;Île Rodrigues;
FR;MU;RR;Rivière du Rempart;
FR;MU;SA;Savanne;
FR;MU;VP;Vacoas-Phœnix;
FR;MW;C;Région Centre;
FR;MW;N;Région Nord;
FR;MW;S;Région Sud;
FR;MX;AGS;Aguascalientes;
FR;MX;AGU;Aguascalientes;
FR;MX;BC;Baja California;
FR;MX;BCN;Basse-Californie;
FR;MX;BCS;Basse-Californie Sud;
FR;MX;CAM;Campeche;
FR;MX;CHH;Chihuahua;
FR;MX;CHI;Chihuahua;
FR;MX;CHP;Chiapas;
FR;MX;CHS;Chiapas;
FR;MX;CMP;Campeche;
FR;MX;CMX;Ville de Mexico;
FR;MX;COA;Coahuila;
FR;MX;COL;Colima;
FR;MX;DF;Distrito Federal;
FR;MX;DGO;Durango;
FR;MX;DUR;Durango;
FR;MX;GRO;Guerrero;
FR;MX;GTO;Guanajuato;
FR;MX;GUA;Guanajuato;
FR;MX;HGO;Hidalgo;
FR;MX;HID;Hidalgo;
FR;MX;JAL;Jalisco;
FR;MX;MCH;Michoacán;
FR;MX;MEX;État de Mexico;
FR;MX;MIC;Michoacán;
FR;MX;MOR;Morelos;
FR;MX;NAY;Nayarit;
FR;MX;NL;Nuevo Léon;
FR;MX;NLE;Nuevo Léon;
FR;MX;OAX;Oaxaca;
FR;MX;PUE;Puebla;
FR;MX;QR;Quintana Roo;
FR;MX;QRO;Querétaro;
FR;MX;QUE;Querétaro;
FR;MX;ROO;Quintana Roo;
FR;MX;SIN;Sinaloa;
FR;MX;SLP;San Luis Potosí;
FR;MX;SON;Sonora;
FR;MX;TAB;Tabasco;
FR;MX;TAM;Tamaulipas;
FR;MX;TLA;Tlaxcala;
FR;MX;TLX;Tlaxcala;
FR;MX;TMS;Tamaulipas;
FR;MX;VER;Veracruz;
FR;MX;YUC;Yucatán;
FR;MX;ZAC;Zacatecas;
FR;MY;01;Johor;
FR;MY;02;Kedah;
FR;MY;03;Kelantan;
FR;MY;04;Melaka;
FR;MY;05;Negeri Sembilan;
FR;MY;06;Pahang;
FR;MY;07;Pulau Pinang;
FR;MY;08;Perak;
FR;MY;09;Perlis;
FR;MY;10;Selangor;
FR;MY;11;Terengganu;
FR;MY;12;Sabah;
FR;MY;13;Sarawak;
FR;MY;14;Kuala Lumpur;
FR;MY;15;Labuan;
FR;MY;16;Putrajaya;
FR;MY;JOH;Johore;
FR;MY;KED;Kedah;
FR;MY;KEL;Kelantan;
FR;MY;KUL;Kuala Lumpur;
FR;MY;LAB;Labuan;
FR;MY;MEL;Malacca;
FR;MY;PAH;Pahang;
FR;MY;PEL;Perlis;
FR;MY;PER;Perak;
FR;MY;PIN;Penang;
FR;MY;PSK;Wil. Persekutuan;
FR;MY;SAB;Sabah;
FR;MY;SAR;Sarawak;
FR;MY;SEL;Selangor;
FR;MY;SER;Negeri Sembilan;
FR;MY;TRE;Terengganu;
FR;MY;WPP;W.P Putrajaya;
FR;MZ;A;Niassa;
FR;MZ;B;Manica;
FR;MZ;G;Gaza;
FR;MZ;I;Inhambane;
FR;MZ;L;Maputo (province);
FR;MZ;MPM;Maputo;
FR;MZ;N;Nampula;
FR;MZ;P;Cabo Delgado;
FR;MZ;Q;Zambézie;
FR;MZ;S;Sofala;
FR;MZ;T;Tete;
FR;NA;CA;Zambèze;
FR;NA;ER;Erongo;
FR;NA;HA;Hardap;
FR;NA;KA;Karas;
FR;NA;KE;Kavango East;
FR;NA;KH;Khomas;
FR;NA;KU;Kunene;
FR;NA;KW;Kavango West;
FR;NA;OD;Otjozondjupa;
FR;NA;OH;Omaheke;
FR;NA;ON;Oshana;
FR;NA;OS;Omusati;
FR;NA;OT;Oshikoto;
FR;NA;OW;Ohangwena;
FR;NE;1;Agadez;
FR;NE;2;Diffa;
FR;NE;3;Dosso;
FR;NE;4;Maradi;
FR;NE;5;Tahoua;
FR;NE;6;Tillabéri;
FR;NE;7;Zinder;
FR;NE;8;Niamey;
FR;NG;AB;Abia;
FR;NG;AD;Adamawa;
FR;NG;AK;Akwa Ibom;
FR;NG;AN;Anambra;
FR;NG;BA;Bauchi;
FR;NG;BE;Benue;
FR;NG;BO;Borno;
FR;NG;BY;Bayelsa;
FR;NG;CR;Cross River;
FR;NG;DE;Delta;
FR;NG;EB;Ebonyi;
FR;NG;ED;Edo;
FR;NG;EK;Ekiti;
FR;NG;EN;Enugu;
FR;NG;FC;Abuja Capitale féd.;
FR;NG;GO;Gombe;
FR;NG;IM;Imo;
FR;NG;JI;Jigawa;
FR;NG;KD;Kaduna;
FR;NG;KE;Kebbi;
FR;NG;KN;Kano;
FR;NG;KO;Kogi;
FR;NG;KT;Katsina;
FR;NG;KW;Kwara;
FR;NG;LA;Lagos;
FR;NG;NA;Nassarawa;
FR;NG;NI;Niger;
FR;NG;OG;Ogun;
FR;NG;ON;Ondo;
FR;NG;OS;Osun;
FR;NG;OY;Oyo;
FR;NG;PL;Plateau;
FR;NG;RI;Rivers;
FR;NG;SO;Sokoto;
FR;NG;TA;Taraba;
FR;NG;YO;Yobe;
FR;NG;ZA;Zamfara;
FR;NI;AN;Atlántico Norte;
FR;NI;AS;Atlántico Sur;
FR;NI;BO;Boaco;
FR;NI;CA;Carazo;
FR;NI;CI;Chinandega;
FR;NI;CO;Chontales;
FR;NI;ES;Estelí;
FR;NI;GR;Grenade;
FR;NI;JI;Jinotega;
FR;NI;LE;León;
FR;NI;MD;Madriz;
FR;NI;MN;Managua;
FR;NI;MS;Masaya;
FR;NI;MT;Matagalpa;
FR;NI;NS;Nueva Segovia;
FR;NI;RI;Rivas;
FR;NI;SJ;Río San Juan;
FR;NL;01;Drenthe;
FR;NL;02;Flevoland;
FR;NL;03;Friese;
FR;NL;04;Gueldre;
FR;NL;05;Groningue;
FR;NL;06;Limburg;
FR;NL;07;Brabant septentr.;
FR;NL;08;Hollande septentr.;
FR;NL;09;Overijsel;
FR;NL;10;Utrecht;
FR;NL;11;Zélande;
FR;NL;12;Hollande méridion.;
FR;NL;DR;Drenthe;
FR;NL;FL;Flevoland;
FR;NL;FR;Frise;
FR;NL;GE;Gueldre;
FR;NL;GR;Groningue;
FR;NL;LI;Limburg;
FR;NL;NB;Brabant-du-Nord;
FR;NL;NH;Hollande-du-Nord;
FR;NL;OV;Overijssel;
FR;NL;UT;Utrecht;
FR;NL;ZE;Zélande;
FR;NL;ZH;Hollande-du-Sud;
FR;NO;01;Ostfold;
FR;NO;02;Akershus;
FR;NO;03;Oslo;
FR;NO;04;Hedmark;
FR;NO;05;Oppland;
FR;NO;06;Buskerud;
FR;NO;07;Vestfold;
FR;NO;08;Telemark;
FR;NO;09;Aust-Agder;
FR;NO;10;Vest-Agder;
FR;NO;11;Rogaland;
FR;NO;12;Hordaland;
FR;NO;14;Sogn og Fjordane;
FR;NO;15;More og Romsdal;
FR;NO;16;Sor-Trondelag;
FR;NO;17;Nord-Trondelag;
FR;NO;18;Nordland;
FR;NO;19;Troms;
FR;NO;20;Finnmark;
FR;NO;21;Svalbard;
FR;NO;22;Jan Mayen;
FR;NR;01;Aiwo;
FR;NR;02;Anabar;
FR;NR;03;Anetan;
FR;NR;04;Anibare;
FR;NR;05;Baiti;
FR;NR;06;Boe;
FR;NR;07;Buada;
FR;NR;08;Denigomodu;
FR;NR;09;Ewa;
FR;NR;10;Ijuw;
FR;NR;11;Meneng;
FR;NR;12;Nibok;
FR;NR;13;Uaboe;
FR;NR;14;Yaren;
FR;NZ;AKL;Auckland;
FR;NZ;AUK;Auckland;
FR;NZ;BOP;Baie de Plenty;
FR;NZ;CAN;Canterbury;
FR;NZ;CIT;îles Chatham;
FR;NZ;GIS;Gisborne;
FR;NZ;HAB;Baie de Hawke;
FR;NZ;HKB;Hawke's Bay;
FR;NZ;MAN;Manawatu-Wanganui;
FR;NZ;MBH;Marlborough;
FR;NZ;MWT;Manawatu-Wanganui;
FR;NZ;NSN;Nelson;
FR;NZ;NTL;Northland;
FR;NZ;OTA;Otago;
FR;NZ;STL;Southland;
FR;NZ;TAR;Taranaki;
FR;NZ;TAS;Tasman;
FR;NZ;TKI;Taranaki;
FR;NZ;WAI;Waikato;
FR;NZ;WEC;Côte Ouest;
FR;NZ;WGN;Wellington;
FR;NZ;WKO;Waikato;
FR;NZ;WLG;Wellington;
FR;NZ;WTC;West Coast;
FR;OM;BJ;Al-Batina du Sud;
FR;OM;BS;Al-Batina du Nord;
FR;OM;BU;Al Buraymi;
FR;OM;DA;Ad-Dakhiliyah;
FR;OM;MA;Mascate;
FR;OM;MU;Moussandam;
FR;OM;SJ;Ach-Charqiya du Sud;
FR;OM;SS;Ach-Charqiya du Nord;
FR;OM;WU;Al-Wusta;
FR;OM;ZA;Ad Dhahirah;
FR;OM;ZU;Dhofar;
FR;PA;1;Bocas del Toro;
FR;PA;10;Panamá Oeste;
FR;PA;2;Coclé;
FR;PA;3;Deux points;
FR;PA;4;Chiriquí;
FR;PA;5;Darién;
FR;PA;6;Herrera;
FR;PA;7;Los Santos;
FR;PA;8;Panama;
FR;PA;9;Veraguas;
FR;PA;EM;Emberá;
FR;PA;KY;Kuna Yala;
FR;PA;NB;Ngöbe-Buglé;
FR;PE;01;Tumbes;
FR;PE;02;Piura;
FR;PE;03;Lambayeque;
FR;PE;04;La Libertad;
FR;PE;05;Ancash;
FR;PE;06;Lima y Callao;
FR;PE;07;Ica;
FR;PE;08;Arequipa;
FR;PE;09;Moquegua;
FR;PE;10;Tacna;
FR;PE;11;Amazonas;
FR;PE;12;Cajamarca;
FR;PE;13;San Martín;
FR;PE;14;Huánuco;
FR;PE;15;Pasco;
FR;PE;16;Junín;
FR;PE;17;Huancavelica;
FR;PE;18;Ayacucho;
FR;PE;19;Apurimac;
FR;PE;20;Cuzco;
FR;PE;21;Puno;
FR;PE;22;Loreto;
FR;PE;23;Ucayali;
FR;PE;24;Madre de Díos;
FR;PE;AMA;Amazonie;
FR;PE;ANC;Ancash;
FR;PE;APU;Apurímac;
FR;PE;ARE;Arequipa;
FR;PE;AYA;Ayacucho;
FR;PE;CAJ;Cajamarca;
FR;PE;CAL;Callao;
FR;PE;CUS;Cuzco;
FR;PE;HUC;Huánuco;
FR;PE;HUV;Huancavelica;
FR;PE;ICA;Ica;
FR;PE;JUN;Junín;
FR;PE;LAL;La Libertad;
FR;PE;LAM;Lambayeque;
FR;PE;LIM;Région de Lima;
FR;PE;LMA;Province de Lima;
FR;PE;LOR;Loreto;
FR;PE;MDD;Madre de Dios;
FR;PE;MOQ;Moquegua;
FR;PE;PAS;Pasco;
FR;PE;PIU;Piura;
FR;PE;PUN;Puno;
FR;PE;SAM;San Martín;
FR;PE;TAC;Tacna;
FR;PE;TUM;Tumbes;
FR;PE;UCA;Ucayali;
FR;PG;CPK;Chimbu;
FR;PG;CPM;Région du Centre;
FR;PG;EBR;Nouv.-Bretagne or.;
FR;PG;EHG;Hautes-Terres or.;
FR;PG;EPW;Enga;
FR;PG;ESW;Sepik oriental;
FR;PG;GPK;Golfe;
FR;PG;HLA;Hela;
FR;PG;JWK;Jiwaka;
FR;PG;MBA;Baie de Milne;
FR;PG;MPL;Morobe;
FR;PG;MPM;Madang;
FR;PG;MRL;Manus;
FR;PG;NCD;Distr. capitale nat.;
FR;PG;NIK;Nouvelle-Irlande;
FR;PG;NPP;Province nord (Oro);
FR;PG;NSB;Bougainville;
FR;PG;SAN;Sandaun (Sepik occ.);
FR;PG;SHM;Hautes-Terres mérid.;
FR;PG;WBK;Nouv.-Bretagne occ.;
FR;PG;WHM;Hautes-Terres occid.;
FR;PG;WPD;Province ouest (Fly);
FR;PH;00;Région Capitale Nat.;
FR;PH;01;Ilocos;
FR;PH;02;Vallée de Cagayan;
FR;PH;03;Luçon centrale;
FR;PH;04;South Luzon;
FR;PH;05;Bicol;
FR;PH;06;Visayas occidentales;
FR;PH;07;Visayas centrales;
FR;PH;08;Visayas orientales;
FR;PH;09;Péninsule Zamboanga;
FR;PH;10;Mindanao du Nord;
FR;PH;11;Davao;
FR;PH;12;Soccsksargen;
FR;PH;13;Caraga;
FR;PH;14;MindanaoMusul.(ARMM);
FR;PH;15;R.A. Cordillère(CAR);
FR;PH;40;Calabarzon;
FR;PH;41;Mimaropa;
FR;PK;BA;Baloutchistan;
FR;PK;GB;Gilgit-Baltistan;
FR;PK;IS;Islamabad;
FR;PK;JK;Azad Cachemire;
FR;PK;KP;Khyber Pakhtunkhwa;
FR;PK;PB;Pendjab;
FR;PK;SD;Sind;
FR;PK;TA;Régions tribales;
FR;PL;02;Basse-Silésie;
FR;PL;04;Couïavie-Poméranie;
FR;PL;06;Lublin;
FR;PL;08;Lubusz;
FR;PL;10;Lodz;
FR;PL;12;Petite-Pologne;
FR;PL;14;Mazovie;
FR;PL;16;Opole;
FR;PL;18;Basses-Carpates;
FR;PL;20;Poméranie;
FR;PL;22;Poméranie;
FR;PL;24;Slaskie;
FR;PL;26;Sainte-Croix;
FR;PL;28;Varmie-Mazurie;
FR;PL;30;Grande-Pologne;
FR;PL;32;Zachodnio-Pomorskie;
FR;PL;DSL;Dolnoslaskie;
FR;PL;K-P;Kujawsko-Pomorskie;
FR;PL;LBL;Lubelskie;
FR;PL;LBS;Lubuskie;
FR;PL;LDZ;Lódzkie;
FR;PL;MAL;Malopolskie;
FR;PL;MAZ;Mazowieckie;
FR;PL;OPO;Opolskie;
FR;PL;PDK;Podkarpackie;
FR;PL;PDL;Podlaskie;
FR;PL;POM;Pomorskie;
FR;PL;SLS;Slaskie;
FR;PL;SWK;Swietokrzyskie;
FR;PL;W-M;Warminsko-Mazurskie;
FR;PL;WLK;Wielkopolskie;
FR;PL;Z-P;Zachodnio-Pomorskie;
FR;PS;BTH;Bethléem;
FR;PS;DEB;Deir el-Balah;
FR;PS;GZA;Gaza;
FR;PS;HBN;Hébron;
FR;PS;JEM;Jérusalem;
FR;PS;JEN;Jénine;
FR;PS;JRH;Jéricho et Al-Aghwar;
FR;PS;KYS;Khan Younès;
FR;PS;NBS;Naplouse;
FR;PS;NGZ;Gaza-Nord;
FR;PS;QQA;Qalqilya;
FR;PS;RBH;Ramallah;
FR;PS;RFH;Rafah;
FR;PS;SLT;Salfit;
FR;PS;TBS;Tubas;
FR;PS;TKM;Tulkarem;
FR;PT;10;Minho-Lima;
FR;PT;11;Cávado;
FR;PT;12;Ave;
FR;PT;13;Grande Porto;
FR;PT;14;Tâmega;
FR;PT;15;Entre Douro et Vouga;
FR;PT;16;Douro;
FR;PT;17;Haut Trás-os-Montes;
FR;PT;20;Basse Vouga;
FR;PT;21;Bas Mondego;
FR;PT;22;Pinhal littoral;
FR;PT;23;Pinhal intér. Nord;
FR;PT;24;Pinhal intérieur Sud;
FR;PT;25;Dão-Lafões;
FR;PT;26;Serra da Estrela;
FR;PT;27;Beira intér. Nord;
FR;PT;28;Beira intérieure Sud;
FR;PT;29;Cova da Beira;
FR;PT;30;Ouest;
FR;PT;31;Grand Lisbonne;
FR;PT;32;Péninsule de Setúbal;
FR;PT;33;Moyen Tage;
FR;PT;34;Lisière du Tage;
FR;PT;40;Alentejo littoral;
FR;PT;41;Haut Alentejo;
FR;PT;42;Alentejo central;
FR;PT;43;Bas Alentejo;
FR;PT;50;Algarve;
FR;PT;60;Région auton. Açores;
FR;PT;70;Rég. aut. de Madère;
FR;PY;1;Concepción;
FR;PY;10;Alto Paraná;
FR;PY;11;Région du Centre;
FR;PY;12;Ñeembucú;
FR;PY;13;Amambay;
FR;PY;14;Canindeyú;
FR;PY;15;Presidente Hayes;
FR;PY;16;Alto Paraguay;
FR;PY;19;Boquerón;
FR;PY;2;San Pedro;
FR;PY;3;Cordillera;
FR;PY;4;Guairá;
FR;PY;5;Caaguazú;
FR;PY;6;Caazapá;
FR;PY;7;Itapúa;
FR;PY;8;Misiones;
FR;PY;9;Paraguarí;
FR;PY;ASU;Asuncion;
FR;QA;001;Doha;
FR;QA;002;Le nord;
FR;QA;003;La côte ouest;
FR;QA;004;Le sud;
FR;QA;DA;Doha;
FR;QA;KH;Al Khor & Dhekra;
FR;QA;MS;Al Shamal;
FR;QA;RA;Al Rayyan;
FR;QA;SH;Ash Shahaniyah;
FR;QA;US;Umm Salal;
FR;QA;WA;Al Wakrah;
FR;QA;ZA;Al Daayen;
FR;RO;01;Alba;
FR;RO;02;Arad;
FR;RO;03;Arges;
FR;RO;04;Bacau;
FR;RO;05;Bihor;
FR;RO;06;Bistrita-Nasaud;
FR;RO;07;Botosani;
FR;RO;08;Braila;
FR;RO;09;Brasov;
FR;RO;10;Bucurest;
FR;RO;11;Buzau;
FR;RO;12;Calarasi;
FR;RO;13;Caras-Severin;
FR;RO;14;Cluj;
FR;RO;15;Constanta;
FR;RO;16;Covasna;
FR;RO;17;Dimbovita;
FR;RO;18;Dolj;
FR;RO;19;Galati;
FR;RO;20;Gorj;
FR;RO;21;Giurgiu;
FR;RO;22;Harghita;
FR;RO;23;Hunedoara;
FR;RO;24;Ialomita;
FR;RO;25;Iasi;
FR;RO;26;Ilfov;
FR;RO;27;Maramures;
FR;RO;28;Mehedinti;
FR;RO;29;Mures;
FR;RO;30;Neamt;
FR;RO;31;Olt;
FR;RO;32;Prahova;
FR;RO;33;Salaj;
FR;RO;34;Satu Mare;
FR;RO;35;Sibiu;
FR;RO;36;Suceava;
FR;RO;37;Teleorman;
FR;RO;38;Timis;
FR;RO;39;Tulcea;
FR;RO;40;Vaslui;
FR;RO;41;Vilcea;
FR;RO;42;Vrancea;
FR;RO;AB;Alba;
FR;RO;AG;Arges;
FR;RO;AR;Arad;
FR;RO;B;Bucarest;
FR;RO;BC;Bacau;
FR;RO;BH;Bihor;
FR;RO;BN;Bistrita-Nasaud;
FR;RO;BR;Braila;
FR;RO;BT;Botosani;
FR;RO;BV;Brasov;
FR;RO;BZ;Buzau;
FR;RO;CJ;Cluj;
FR;RO;CL;Calarasi;
FR;RO;CS;Caras-Severin;
FR;RO;CT;Constanta;
FR;RO;CV;Covasna;
FR;RO;DB;Dâmbovita;
FR;RO;DJ;Dolj;
FR;RO;GJ;Gorj;
FR;RO;GL;Galati;
FR;RO;GR;Giurgiu;
FR;RO;HD;Hunedoara;
FR;RO;HR;Harghita;
FR;RO;IF;Ilfov;
FR;RO;IL;Ialomita;
FR;RO;IS;Iasi;
FR;RO;MH;Mehedinti;
FR;RO;MM;Maramures;
FR;RO;MS;Mures;
FR;RO;NT;Neamt;
FR;RO;OT;Olt;
FR;RO;PH;Prahova;
FR;RO;SB;Sibiu;
FR;RO;SJ;Salaj;
FR;RO;SM;Satu Mare;
FR;RO;SV;Suceava;
FR;RO;TL;Tulcea;
FR;RO;TM;Timis;
FR;RO;TR;Teleorman;
FR;RO;VL;Vâlcea;
FR;RO;VN;Vrancea;
FR;RO;VS;Vaslui;
FR;RS;00;Belgrade;
FR;RS;01;Backa septentrionale;
FR;RS;02;Banat central;
FR;RS;03;Banat septentrional;
FR;RS;04;Banat méridional;
FR;RS;05;Backa occidentale;
FR;RS;06;Backa méridionale;
FR;RS;07;District de Sremski;
FR;RS;08;District de Macva;
FR;RS;09;District de Kolubara;
FR;RS;10;District Podunavlje;
FR;RS;11;District Branicevo;
FR;RS;12;District de Šumadija;
FR;RS;13;District Pomoravlje;
FR;RS;14;District de Bor;
FR;RS;15;District de Zajecar;
FR;RS;16;District de Zlatibor;
FR;RS;17;District de Moravica;
FR;RS;18;District de Raška;
FR;RS;19;District de Rasina;
FR;RS;20;District de Nišava;
FR;RS;21;District de Toplica;
FR;RS;22;District de Pirot;
FR;RS;23;District Jablanica;
FR;RS;24;District de Pcinja;
FR;RS;25;District de Kosovo;
FR;RS;26;District de Pec;
FR;RS;27;District de Prizren;
FR;RS;28;Kosovska Mitrovica;
FR;RS;29;Kosovo-Pomoravlje;
FR;RU;01;République d'Adyguée;
FR;RU;02;République Bachkirie;
FR;RU;03;République Bouriatie;
FR;RU;04;République Altaï;
FR;RU;05;République Daghestan;
FR;RU;06;République Ingouchie;
FR;RU;07;Kabardino-Balkarie;
FR;RU;08;Kalmoukie;
FR;RU;09;Karatch.-Tcherkessie;
FR;RU;10;République Carélie;
FR;RU;11;République des Komis;
FR;RU;12;République des Maris;
FR;RU;13;République Mordovie;
FR;RU;14;Répub.Sakha-Yakoutie;
FR;RU;15;Ossétie du Nord;
FR;RU;16;Tatarstan;
FR;RU;17;République de Touva;
FR;RU;18;Oudmourtie;
FR;RU;19;Tcherkassy;
FR;RU;20;Tchétchénie;
FR;RU;21;Tchouvachie;
FR;RU;22;Kraï de l'Altaï;
FR;RU;23;Kraï de Krasnodar;
FR;RU;24;Kraï de Krasnoïarsk;
FR;RU;25;Kraï du Primorié;
FR;RU;26;Kraï de Stavropol;
FR;RU;27;Kraï de Khabarovsk;
FR;RU;28;Oblast d'Amour;
FR;RU;29;Oblast d'Arkhangelsk;
FR;RU;30;Oblast d'Astrakhan;
FR;RU;31;Oblast de Belgorod;
FR;RU;32;Oblast de Briansk;
FR;RU;33;Oblast de Vladimir;
FR;RU;34;Oblast de Volgograd;
FR;RU;35;Oblast de Vologda;
FR;RU;36;Oblast de Voronej;
FR;RU;37;Oblast d'Ivanovo;
FR;RU;38;Oblast d'Irkoutsk;
FR;RU;39;Oblast Kaliningrad;
FR;RU;40;Oblast de Kalouga;
FR;RU;41;Territ. Kamtchatka;
FR;RU;42;Oblast de Kemerovo;
FR;RU;43;Oblast de Kirov;
FR;RU;44;Oblast de Kostroma;
FR;RU;45;Oblast de Kourgan;
FR;RU;46;Oblast de Koursk;
FR;RU;47;Oblast de Léningrad;
FR;RU;48;Oblast de Lipetsk;
FR;RU;49;Oblast de Magadan;
FR;RU;50;Oblast de Moscou;
FR;RU;51;Oblast de Mourmansk;
FR;RU;52;Obl. Nijni Novgorod;
FR;RU;53;Oblast de Novgorod;
FR;RU;54;Oblast Novossibirsk;
FR;RU;55;Oblast d'Omsk;
FR;RU;56;Oblast d'Orenbourg;
FR;RU;57;Oblast d'Orel;
FR;RU;58;Oblast de Penza;
FR;RU;59;Territoire de Perm;
FR;RU;60;Oblast de Pskov;
FR;RU;61;Oblast de Rostov;
FR;RU;62;Oblast de Riazan;
FR;RU;63;Oblast de Samara;
FR;RU;64;Oblast de Saratov;
FR;RU;65;Oblast de Sakhaline;
FR;RU;66;Oblast de Sverdlovsk;
FR;RU;67;Oblast de Smolensk;
FR;RU;68;Oblast de Tambov;
FR;RU;69;Oblast de Tver;
FR;RU;70;Oblast de Tomsk;
FR;RU;71;Oblast de Toula;
FR;RU;72;Oblast de Tioumen;
FR;RU;73;Oblast d'Oulianovsk;
FR;RU;74;Oblast Tcheliabinsk;
FR;RU;75;Zabaïkalsk;
FR;RU;76;Oblast de Iaroslavl;
FR;RU;77;Moscou;
FR;RU;78;Saint-Pétersbourg;
FR;RU;79;Oblast autonome juif;
FR;RU;80;Dist. Aga-Bouriatie;
FR;RU;81;Dist. Komi-Permiak;
FR;RU;82;Dist.auton. Koriakie;
FR;RU;83;Dist.auton. Nénétsie;
FR;RU;84;Dist.auton. Taïmyrie;
FR;RU;85;Oust-Ordynski;
FR;RU;86;Dis. Khantys-Mantis;
FR;RU;87;Dist.aut. Tchoukotka;
FR;RU;88;Dis. auton. Evensky;
FR;RU;89;Dis. Jamalo-Nénétsie;
FR;RW;01;Kigali;
FR;RW;02;Province de l'Est;
FR;RW;03;Province du Nord;
FR;RW;04;Province de l'Ouest;
FR;RW;05;Province du Sud;
FR;SA;01;Riyad;
FR;SA;02;La Mecque;
FR;SA;03;Médine;
FR;SA;04;Ach-Charqiya;
FR;SA;05;Al Qasim;
FR;SA;06;Haïl;
FR;SA;07;Tabuk;
FR;SA;08;Al-Hudud ach-Chamal.;
FR;SA;09;Jizan;
FR;SA;10;Najran;
FR;SA;11;Al Bahah;
FR;SA;12;Al Jawf;
FR;SA;14;Asir;
FR;SD;DC;Darfour-Central;
FR;SD;DE;Darfour-Oriental;
FR;SD;DN;Darfour du Nord;
FR;SD;DS;Darfour du Sud;
FR;SD;DW;Darfour-Occidental;
FR;SD;GD;Al-Qadarif;
FR;SD;GK;Kordofan-Occidental;
FR;SD;GZ;Île de Gezira;
FR;SD;KA;Kassala;
FR;SD;KH;Khartoum;
FR;SD;KN;Kordofan du Nord;
FR;SD;KS;Kordofan du Sud;
FR;SD;NB;Nil Bleu;
FR;SD;NO;Province du Nord;
FR;SD;NR;Nil;
FR;SD;NW;Nil Blanc;
FR;SD;RS;Mer Rouge;
FR;SD;SI;Sannar;
FR;SE;001;Blekinge Län;
FR;SE;002;Dalarnas Län;
FR;SE;003;Gotlands Län;
FR;SE;004;Gävleborgs Län;
FR;SE;005;Hallands Län;
FR;SE;006;Jämtlands Län;
FR;SE;007;Jönköpings Län;
FR;SE;008;Kalmar Län;
FR;SE;009;Kronobergs Län;
FR;SE;010;Norrbottens Län;
FR;SE;011;Skåne Län;
FR;SE;012;Stockholms Län;
FR;SE;013;Södermanlands Län;
FR;SE;014;Uppsala Län;
FR;SE;015;Värmlands Län;
FR;SE;016;Västerbottens Län;
FR;SE;017;Västernorrlands Län;
FR;SE;018;Västmanlands Län;
FR;SE;019;Västra Götalands Län;
FR;SE;020;Örebro Län;
FR;SE;021;Östergötlands Län;
FR;SE;AB;Comté de Stockholm;
FR;SE;AC;Comté Västerbotten;
FR;SE;BD;Comté de Norrbotten;
FR;SE;C;Comté d'Uppsala;
FR;SE;D;Comté Södermanland;
FR;SE;E;Comté d'Östergötland;
FR;SE;F;Comté de Jönköping;
FR;SE;G;Comté de Kronoberg;
FR;SE;H;Comté de Kalmar;
FR;SE;I;Comté de Gotland;
FR;SE;K;Comté de Blekinge;
FR;SE;M;Comté de Scanie;
FR;SE;N;Comté de Halland;
FR;SE;O;Västra Götaland;
FR;SE;S;Comté de Värmland;
FR;SE;T;Comté d'Örebro;
FR;SE;U;Comté de Västmanland;
FR;SE;W;Comté de Dalécarlie;
FR;SE;X;Comté de Gävleborg;
FR;SE;Y;Comté Västernorrland;
FR;SE;Z;Comté de Jämtland;
FR;SG;SG;Singapour;
FR;SH;AC;Ascension;
FR;SH;HL;Sainte-Hélène;
FR;SH;TA;Tristan da Cunha;
FR;SI;001;Ajdovscina;
FR;SI;002;Beltinci;
FR;SI;003;Bled;
FR;SI;004;Bohinj;
FR;SI;005;Borovnica;
FR;SI;006;Bovec;
FR;SI;007;Brda;
FR;SI;008;Brezovica;
FR;SI;009;Brezice;
FR;SI;01;Ajdovscina;
FR;SI;010;Tisina;
FR;SI;011;Celje;
FR;SI;012;Cerklje na Gorenjske;
FR;SI;013;Cerknica;
FR;SI;014;Cerkno;
FR;SI;015;Crensovci;
FR;SI;016;Crna na Koroskem;
FR;SI;017;Crnomelj;
FR;SI;018;Destrnik;
FR;SI;019;Divaca;
FR;SI;02;Brezice;
FR;SI;020;Dobrepolje;
FR;SI;021;Dobrova-Polhov Grad.;
FR;SI;022;Dol pri Ljubljani;
FR;SI;023;Domzale;
FR;SI;024;Dornava;
FR;SI;025;Dravograd;
FR;SI;026;Duplek;
FR;SI;027;Gorenja vas-Poljane;
FR;SI;028;Gorisnica;
FR;SI;029;Gornja Radgona;
FR;SI;03;Celje;
FR;SI;030;Gornji Grad;
FR;SI;031;Gornji Petrovci;
FR;SI;032;Grosuplje;
FR;SI;033;Salovci;
FR;SI;034;Hrastnik;
FR;SI;035;Hrpelje-Kozina;
FR;SI;036;Idrija;
FR;SI;037;Ig;
FR;SI;038;Ilirska Bistrica;
FR;SI;039;Ivancna Gorica;
FR;SI;04;Cerknica;
FR;SI;040;Izola - Isola;
FR;SI;041;Jesenice;
FR;SI;042;Jursinci;
FR;SI;043;Kamnik;
FR;SI;044;Kanal;
FR;SI;045;Kidricevo;
FR;SI;046;Kobarid;
FR;SI;047;Kobilje;
FR;SI;048;Kocevje;
FR;SI;049;Komen;
FR;SI;05;Crnomelj;
FR;SI;050;Koper - Capodistria;
FR;SI;051;Kozje;
FR;SI;052;Kranj;
FR;SI;053;Kranjska Gora;
FR;SI;054;Krsko;
FR;SI;055;Kungota;
FR;SI;056;Kuzma;
FR;SI;057;Laško;
FR;SI;058;Lenart;
FR;SI;059;Lendava - Lendva;
FR;SI;06;Dravograd;
FR;SI;060;Litija;
FR;SI;061;Ljubljana;
FR;SI;062;Ljubno;
FR;SI;063;Ljutomer;
FR;SI;064;Logatec;
FR;SI;065;Loška Dolina;
FR;SI;066;Loški Potok;
FR;SI;067;Luce;
FR;SI;068;Lukovica;
FR;SI;069;Majsperk;
FR;SI;07;Gornja Radgona;
FR;SI;070;Maribor;
FR;SI;071;Medvode;
FR;SI;072;Menges;
FR;SI;073;Metlika;
FR;SI;074;Mezica;
FR;SI;075;Miren-Kostanjevica;
FR;SI;076;Mislinja;
FR;SI;077;Moravce;
FR;SI;078;Moravske Toplice;
FR;SI;079;Mozirje;
FR;SI;08;Grosuplje;
FR;SI;080;Murska Sobota;
FR;SI;081;Muta;
FR;SI;082;Naklo;
FR;SI;083;Nazarje;
FR;SI;084;Nova Gorica;
FR;SI;085;Novo mesto;
FR;SI;086;Odranci;
FR;SI;087;Ormoz;
FR;SI;088;Osilnica;
FR;SI;089;Pesnica;
FR;SI;09;Hrastnik Lasko;
FR;SI;090;Piran - Pirano;
FR;SI;091;Pivka;
FR;SI;092;Podcetrtek;
FR;SI;093;Podvelka;
FR;SI;094;Postojna;
FR;SI;095;Preddvor;
FR;SI;096;Ptuj;
FR;SI;097;Puconci;
FR;SI;098;Race-Fram;
FR;SI;099;Radece;
FR;SI;10;Idrija;
FR;SI;100;Radenci;
FR;SI;101;Radlje ob Dravi;
FR;SI;102;Radovljica;
FR;SI;103;Ravne na Koroskem;
FR;SI;104;Ribnica;
FR;SI;105;Rogasovci;
FR;SI;106;Rogaska Slatina;
FR;SI;107;Rogatec;
FR;SI;108;Ruse;
FR;SI;109;Semic;
FR;SI;11;Ilirska Bistrica;
FR;SI;110;Sevnica;
FR;SI;111;Sezana;
FR;SI;112;Slovenj Gradec;
FR;SI;113;Slovenska Bistrica;
FR;SI;114;Slovenske Konjice;
FR;SI;115;Starse;
FR;SI;116;Sveti Jurij;
FR;SI;117;Sencur;
FR;SI;118;Sentilj;
FR;SI;119;Sentjernej;
FR;SI;12;Izola;
FR;SI;120;Sentjur pri Celju;
FR;SI;121;Skocjan;
FR;SI;122;Skofja Loka;
FR;SI;123;Skofljica;
FR;SI;124;Smarje pri Jelsah;
FR;SI;125;Smartno ob Paki;
FR;SI;126;Sostanj;
FR;SI;127;Store;
FR;SI;128;Tolmin;
FR;SI;129;Trbovlje;
FR;SI;13;Jesenice;
FR;SI;130;Trebnje;
FR;SI;131;Trzic;
FR;SI;132;Turnisce;
FR;SI;133;Velenje;
FR;SI;134;Velike Lasce;
FR;SI;135;Videm;
FR;SI;136;Vipava;
FR;SI;137;Vitanje;
FR;SI;138;Vodice;
FR;SI;139;Vojnik;
FR;SI;14;Kamnik;
FR;SI;140;Vrhnika;
FR;SI;141;Vuzenica;
FR;SI;142;Zagorje ob Savi;
FR;SI;143;Zavrc;
FR;SI;144;Zrece;
FR;SI;146;Zelezniki;
FR;SI;147;Ziri;
FR;SI;148;Benedikt;
FR;SI;149;Bistrica ob Sotli;
FR;SI;15;Kocevje;
FR;SI;150;Bloke;
FR;SI;151;Braslovce;
FR;SI;152;Cankova;
FR;SI;153;Cerkvenjak;
FR;SI;154;Dobje;
FR;SI;155;Dobrna;
FR;SI;156;Dobrovnik - Dobronak;
FR;SI;157;Dolenjske Toplice;
FR;SI;158;Grad;
FR;SI;159;Hajdina;
FR;SI;16;Koper;
FR;SI;160;Hoce-Slivnica;
FR;SI;161;Hodos - Hodos;
FR;SI;162;Horjul;
FR;SI;163;Jezersko;
FR;SI;164;Komenda;
FR;SI;165;Kostel;
FR;SI;166;Krizevci;
FR;SI;167;Lovrenc na Pohorju;
FR;SI;168;Markovci;
FR;SI;169;Miklavz na Dravskem;
FR;SI;17;Kranj;
FR;SI;170;Mirna Pec;
FR;SI;171;Oplotnica;
FR;SI;172;Podlehnik;
FR;SI;173;Polzela;
FR;SI;174;Prebold;
FR;SI;175;Prevalje;
FR;SI;176;Razkrižje;
FR;SI;177;Ribnica na Pohorju;
FR;SI;178;Selnica ob Dravi;
FR;SI;179;Sodražica;
FR;SI;18;Krsko;
FR;SI;180;Solcava;
FR;SI;181;Sveta Ana;
FR;SI;182;Sveti Andraž v Slov.;
FR;SI;183;Šempeter-Vrtojba;
FR;SI;184;Tábor;
FR;SI;185;Trnovska Vas;
FR;SI;186;Trzin;
FR;SI;187;Velika Polana;
FR;SI;188;Veržej;
FR;SI;189;Vransko;
FR;SI;19;Lenart;
FR;SI;190;Žalec;
FR;SI;191;Žetale;
FR;SI;192;Žirovnica;
FR;SI;193;Žužemberk;
FR;SI;194;Šmartno pri Litiji;
FR;SI;195;Apace;
FR;SI;196;Cirkulane;
FR;SI;197;Kostanjevica na Krki;
FR;SI;198;Makole;
FR;SI;199;Mokronog-Trebelno;
FR;SI;20;Lendava;
FR;SI;200;Poljcane;
FR;SI;201;Rence-Vogrsko;
FR;SI;202;Središce ob Dravi;
FR;SI;203;Straža;
FR;SI;204;Sveta Tr. v Slov. G.;
FR;SI;205;Sveti Tomaž;
FR;SI;206;Šmarješke Toplice;
FR;SI;207;Gorje;
FR;SI;208;Log-Dragomer;
FR;SI;209;Recica ob Savinji;
FR;SI;21;Litija;
FR;SI;210;Sveti Ju. v Slov. G.;
FR;SI;211;Šentrupert;
FR;SI;212;Mina;
FR;SI;213;Ancarano;
FR;SI;22;Ljubljana-Bezigrad;
FR;SI;23;Ljubljana-Center;
FR;SI;24;Ljubljana-Moste-Polj;
FR;SI;25;Ljubljana-Siska;
FR;SI;26;Ljubljana-Vic-Rudnik;
FR;SI;27;Ljutomer;
FR;SI;28;Logatec;
FR;SI;29;Maribor;
FR;SI;30;Metlika;
FR;SI;31;Mozirje;
FR;SI;32;Murska Sobota;
FR;SI;33;Nova Gorica;
FR;SI;34;Novo Mesto;
FR;SI;35;Ormoz;
FR;SI;36;Pesnica;
FR;SI;37;Piran;
FR;SI;38;Postojna;
FR;SI;39;Ptuj;
FR;SI;40;Radlje Ob Dravi;
FR;SI;41;Radovljica;
FR;SI;42;Ravne Na Koroskem;
FR;SI;43;Ribnica;
FR;SI;44;Ruse;
FR;SI;45;Sentjur Pri Celju;
FR;SI;46;Sevnica;
FR;SI;47;Sezana;
FR;SI;48;Skofja Loka;
FR;SI;49;Slovenj Gradec;
FR;SI;50;Slovenska Bistrica;
FR;SI;51;Slovenske Konjice;
FR;SI;52;Smarje Pri Jelsah;
FR;SI;53;Tolmin;
FR;SI;54;Trbovlje;
FR;SI;55;Trebnje;
FR;SI;56;Trzic;
FR;SI;57;Velenje;
FR;SI;58;Vrhnika;
FR;SI;59;Zagorje Ob Savi;
FR;SI;60;Zalec;
FR;SK;101;Bratislava I;
FR;SK;102;Bratislava II;
FR;SK;103;Bratislava III;
FR;SK;104;Bratislava IV;
FR;SK;105;Bratislava V;
FR;SK;106;Malacky;
FR;SK;107;Pezinok;
FR;SK;108;Senec;
FR;SK;201;Dunajska Streda;
FR;SK;202;Galanta;
FR;SK;203;Hlohovec;
FR;SK;204;Piestany;
FR;SK;205;Senica;
FR;SK;206;Skalica;
FR;SK;207;Trnava;
FR;SK;301;Bánovce nad Bebravou;
FR;SK;302;Ilava;
FR;SK;303;Myjava;
FR;SK;304;Nové Mesto nad Váhom;
FR;SK;305;Partizánske;
FR;SK;306;Považská Bystrica;
FR;SK;307;Prievidza;
FR;SK;308;Púchov;
FR;SK;309;Trencin;
FR;SK;401;Komárno;
FR;SK;402;Levice;
FR;SK;403;Nitra;
FR;SK;404;Nové Zámky;
FR;SK;405;Sala;
FR;SK;406;Topolcany;
FR;SK;407;Zlaté Moravce;
FR;SK;501;Bytca;
FR;SK;502;Cadca;
FR;SK;503;Dolný Kubín;
FR;SK;504;Kysucké Nové Mesto;
FR;SK;505;Liptovský Mikuláš;
FR;SK;506;Martin;
FR;SK;507;Námestovo;
FR;SK;508;Ružomberok;
FR;SK;509;Trencianske Teplice;
FR;SK;510;Tvrdošín;
FR;SK;511;Žilina;
FR;SK;601;Banská Bystrica;
FR;SK;602;Banská Štiavnica;
FR;SK;603;Brezno;
FR;SK;604;Detva;
FR;SK;605;Krupina;
FR;SK;606;Lucenec;
FR;SK;607;Poltár;
FR;SK;608;Revúca;
FR;SK;609;Rimavská Sobota;
FR;SK;610;Velky Krtis;
FR;SK;611;Zvolen;
FR;SK;612;Žarnovica;
FR;SK;613;Žiar nad Hronom;
FR;SK;701;Bardejov;
FR;SK;702;Humenné;
FR;SK;703;Kežmarok;
FR;SK;704;Levoca;
FR;SK;705;Medzilaborce;
FR;SK;706;Poprad;
FR;SK;707;Prešov;
FR;SK;708;Sabinov;
FR;SK;709;Snina;
FR;SK;710;Stara Lubovna;
FR;SK;711;Stropkov;
FR;SK;712;Svidník;
FR;SK;713;Vranov nad Toplou;
FR;SK;801;Gelnica;
FR;SK;802;Košice I;
FR;SK;803;Košice II;
FR;SK;804;Košice III;
FR;SK;805;Košice IV;
FR;SK;806;Košice-okolie;
FR;SK;807;Michalovce;
FR;SK;808;Roznava;
FR;SK;809;Sobrance;
FR;SK;810;Spišská Nová Ves;
FR;SK;811;Trebisov;
FR;SL;E;Province de l'Est;
FR;SL;N;Province du Nord;
FR;SL;S;Province du Sud;
FR;SL;W;Zone occidentale;
FR;SM;01;Acquaviva;
FR;SM;02;Chiesanuova;
FR;SM;03;Domagnano;
FR;SM;04;Faetano;
FR;SM;05;Fiorentino;
FR;SM;06;Borgo Maggiore;
FR;SM;07;Saint-Marin;
FR;SM;08;Montegiardino;
FR;SM;09;Serravalle;
FR;SN;DB;Diourbel;
FR;SN;DK;Dakar;
FR;SN;FK;Fatick;
FR;SN;KA;Kaffrine;
FR;SN;KD;Kolda;
FR;SN;KE;Kédougou;
FR;SN;KL;Kaolack;
FR;SN;LG;Louga;
FR;SN;MT;Matam;
FR;SN;SE;Sédhiou;
FR;SN;SL;Saint-Louis;
FR;SN;TC;Tambacounda;
FR;SN;TH;Thiès;
FR;SN;ZG;Ziguinchor;
FR;SO;AW;Awdal;
FR;SO;BK;Bakool;
FR;SO;BN;Banaadir;
FR;SO;BR;Bari;
FR;SO;BY;Bay;
FR;SO;GA;Galguduud;
FR;SO;GE;Gedo;
FR;SO;HI;Hiiraan;
FR;SO;JD;Jubbada Dhexe;
FR;SO;JH;Jubbada Hoose;
FR;SO;MU;Mudug;
FR;SO;NU;Nugaal;
FR;SO;SA;Sanaag;
FR;SO;SD;Shabeellaha Dhexe;
FR;SO;SH;Shabeellaha Hoose;
FR;SO;SO;Sool;
FR;SO;TO;Togdheer;
FR;SO;WO;Woqooyi Galbeed;
FR;SR;BR;Brokopondo;
FR;SR;CM;Commewijne;
FR;SR;CR;Coronie;
FR;SR;MA;Marowijne;
FR;SR;NI;Nickerie;
FR;SR;PM;Paramaribo;
FR;SR;PR;Pará;
FR;SR;SA;Saramacca;
FR;SR;SI;Sipaliwini;
FR;SR;WA;Wanica;
FR;SS;BN;Bahr el Ghazal Nord;
FR;SS;BW;Bahr el Ghazal occ.;
FR;SS;EC;Équatoria-Central;
FR;SS;EE;Équatoria-Oriental;
FR;SS;EW;Équatoria-Occidental;
FR;SS;JG;Jonglei;
FR;SS;LK;Lacs;
FR;SS;NU;Nil Supérieur;
FR;SS;UY;Unité;
FR;SS;WR;Warab;
FR;ST;P;Principe;
FR;ST;S;Sao Tomé;
FR;SV;AH;Ahuachapán;
FR;SV;CA;Cabañas;
FR;SV;CH;Chalatenango;
FR;SV;CU;Cuscatlán;
FR;SV;LI;La Libertad;
FR;SV;MO;Morazán;
FR;SV;PA;La Paz;
FR;SV;SA;Santa Ana;
FR;SV;SM;San Miguel;
FR;SV;SO;Sonsonate;
FR;SV;SS;San Salvador;
FR;SV;SV;San Vicente;
FR;SV;UN;La Unión;
FR;SV;US;Usulután;
FR;SY;DI;Damas;
FR;SY;DR;Dar'a;
FR;SY;DY;Deir ez-Zor;
FR;SY;HA;Hassaké;
FR;SY;HI;Homs;
FR;SY;HL;Alep;
FR;SY;HM;Hama;
FR;SY;ID;Idleb;
FR;SY;LA;Lattaquié;
FR;SY;QU;Kuneitra;
FR;SY;RA;Raqqa;
FR;SY;RD;Rif Dimachq;
FR;SY;SU;Soueïda;
FR;SY;TA;Tartous;
FR;SZ;HH;Hhohho;
FR;SZ;LU;Lubombo;
FR;SZ;MA;Manzini;
FR;SZ;SH;Shiselweni;
FR;TD;BA;Batha;
FR;TD;BG;Bahr el-Ghazal;
FR;TD;BO;Borkou;
FR;TD;CB;Chari-Baguirmi;
FR;TD;EE;Ennedi Est;
FR;TD;EO;Ennedi Ouest;
FR;TD;GR;Guéra;
FR;TD;HL;Hadjer-Lamis;
FR;TD;KA;Kanem;
FR;TD;LC;Lac;
FR;TD;LO;Logone Occidental;
FR;TD;LR;Logone Oriental;
FR;TD;MA;Mandoul;
FR;TD;MC;Moyen-Chari;
FR;TD;ME;Mayo-Kebbi Est;
FR;TD;MO;Mayo-Kebbi Ouest;
FR;TD;ND;Ville de N'Djaména;
FR;TD;OD;Ouaddaï;
FR;TD;SA;Salamat;
FR;TD;SI;Sila;
FR;TD;TA;Tandjilé;
FR;TD;TI;Tibesti;
FR;TD;WF;Wadi Fira;
FR;TG;C;Région centrale;
FR;TG;K;Kara;
FR;TG;M;Région maritime;
FR;TG;P;Plateaux;
FR;TG;S;Savanes;
FR;TH;01;Amnat Charoen;
FR;TH;02;Ang Thong;
FR;TH;03;Buriram;
FR;TH;04;Chachoengsao;
FR;TH;05;Chai Nat;
FR;TH;06;Chaiyaphum;
FR;TH;07;Chanthaburi;
FR;TH;08;Chiang Mai;
FR;TH;09;Chiang Rai;
FR;TH;10;Bangkok;
FR;TH;11;Samut Prakan;
FR;TH;12;Nonthaburi;
FR;TH;13;Pathum Thani;
FR;TH;14;Province d'Ayutthaya;
FR;TH;15;Ang Thong;
FR;TH;16;Lopburi;
FR;TH;17;Singburi;
FR;TH;18;Chainat;
FR;TH;19;Saraburi;
FR;TH;20;Chonburi;
FR;TH;21;Rayong;
FR;TH;22;Chanthaburi;
FR;TH;23;Trat;
FR;TH;24;Chachoengsao;
FR;TH;25;Prachinburi;
FR;TH;26;Nakhon Nayok;
FR;TH;27;Sa Kaeo;
FR;TH;28;Nakhon Phanom;
FR;TH;29;Nakhon Ratchasima;
FR;TH;30;Nakhon Ratchasima;
FR;TH;31;Buriram;
FR;TH;32;Surin;
FR;TH;33;Si Saket;
FR;TH;34;Ubon Ratchathani;
FR;TH;35;Yasothon;
FR;TH;36;Chaiyaphum;
FR;TH;37;Amnat Charoen;
FR;TH;38;Bueng Kan;
FR;TH;39;Nong Bua Lam Phu;
FR;TH;40;Khon Kaen;
FR;TH;41;Udon Thani;
FR;TH;42;Loei;
FR;TH;43;Nong Khai;
FR;TH;44;Maha Sarakham;
FR;TH;45;Roi Et;
FR;TH;46;Kalasin;
FR;TH;47;Sakon Nakhon;
FR;TH;48;Nakhon Phanom;
FR;TH;49;Mukdahan;
FR;TH;50;Chiang Mai;
FR;TH;51;Lamphun;
FR;TH;52;Lampang;
FR;TH;53;Uttaradit;
FR;TH;54;Phrae;
FR;TH;55;Nan;
FR;TH;56;Phayao;
FR;TH;57;Chiang Rai;
FR;TH;58;Mae Hong Son;
FR;TH;60;Nakhon Sawan;
FR;TH;61;Uthai Thani;
FR;TH;62;Kamphaeng Phet;
FR;TH;63;Tak;
FR;TH;64;Sukhothai;
FR;TH;65;Phitsanulok;
FR;TH;66;Phichit;
FR;TH;67;Phetchabun;
FR;TH;70;Ratchaburi;
FR;TH;71;Kanchanaburi;
FR;TH;72;Suphan Buri;
FR;TH;73;Nakhon Pathom;
FR;TH;74;Samut Sakhon;
FR;TH;75;Samut Songkhram;
FR;TH;76;Phetchaburi;
FR;TH;77;Prachuap Khiri Khan;
FR;TH;80;Nakhon Si Thammarat;
FR;TH;81;Krabi;
FR;TH;82;Phang Nga;
FR;TH;83;Phuket;
FR;TH;84;Surat Thani;
FR;TH;85;Ranong;
FR;TH;86;Chumphon;
FR;TH;90;Songkhla;
FR;TH;91;Satun;
FR;TH;92;Trang;
FR;TH;93;Phatthalung;
FR;TH;94;Pattani;
FR;TH;95;Yala;
FR;TH;96;Narathiwat;
FR;TH;S;Pattaya;
FR;TJ;DU;Douchanbé;
FR;TJ;GB;Haut-Badakhchan;
FR;TJ;KT;Khatlon;
FR;TJ;RA;Région suborn. rép.;
FR;TJ;SU;Sughd;
FR;TL;AL;Aileu;
FR;TL;AN;Ainaro;
FR;TL;BA;Baucau;
FR;TL;BO;Bobonaro;
FR;TL;CO;Cova Lima;
FR;TL;DI;Dili;
FR;TL;ER;Ermera;
FR;TL;LA;Lautém;
FR;TL;LI;Liquiçá;
FR;TL;MF;Manufahi;
FR;TL;MT;Manatuto;
FR;TL;OE;Oecussi-Ambeno;
FR;TL;VI;Viqueque;
FR;TM;A;Ahal;
FR;TM;B;Balkan;
FR;TM;D;Dasoguz;
FR;TM;L;Lebap;
FR;TM;M;Mary;
FR;TM;S;Achgabat;
FR;TN;11;Tunis;
FR;TN;12;L'Ariana;
FR;TN;13;Ben Arous;
FR;TN;14;La Manouba;
FR;TN;21;Nabeul;
FR;TN;22;Zaghouan;
FR;TN;23;Bizerte;
FR;TN;31;Béja;
FR;TN;32;Jendouba;
FR;TN;33;Le Kef;
FR;TN;34;Siliana;
FR;TN;41;Kairouan;
FR;TN;42;Kasserine;
FR;TN;43;Sidi Bouzid;
FR;TN;51;Sousse;
FR;TN;52;Monastir;
FR;TN;53;Mahdia;
FR;TN;61;Sfax;
FR;TN;71;Gafsa;
FR;TN;72;Tozeur;
FR;TN;73;Kébili;
FR;TN;81;Gabès;
FR;TN;82;Médenine;
FR;TN;83;Tataouine;
FR;TO;01;‘Eua;
FR;TO;02;Ha'apai;
FR;TO;03;Niuas;
FR;TO;04;Tongatapu;
FR;TO;05;Vava'u;
FR;TR;01;Adana;
FR;TR;02;Adiyaman;
FR;TR;03;Afyon;
FR;TR;04;Agri;
FR;TR;05;Amasya;
FR;TR;06;Ankara;
FR;TR;07;Antalya;
FR;TR;08;Artvin;
FR;TR;09;Aydin;
FR;TR;10;Balikesir;
FR;TR;11;Bilecik;
FR;TR;12;Bingöl;
FR;TR;13;Bitlis;
FR;TR;14;Bolu;
FR;TR;15;Burdur;
FR;TR;16;Bursa;
FR;TR;17;Canakkale;
FR;TR;18;Cankiri;
FR;TR;19;Corum;
FR;TR;20;Denizli;
FR;TR;21;Diyarbakir;
FR;TR;22;Edirne;
FR;TR;23;Elazig;
FR;TR;24;Erzincan;
FR;TR;25;Erzurum;
FR;TR;26;Eskisehir;
FR;TR;27;Gaziantep;
FR;TR;28;Giresun;
FR;TR;29;Guemueshane;
FR;TR;30;Hakkari;
FR;TR;31;Hatay;
FR;TR;32;Isparta;
FR;TR;33;Icel;
FR;TR;34;Istanbul;
FR;TR;35;Izmir;
FR;TR;36;Kars;
FR;TR;37;Kastamonu;
FR;TR;38;Kayseri;
FR;TR;39;Kirklareli;
FR;TR;40;Kirshehir;
FR;TR;41;Kocaeli;
FR;TR;42;Konya;
FR;TR;43;Kütahya;
FR;TR;44;Malatya;
FR;TR;45;Manisa;
FR;TR;46;K.Maras;
FR;TR;47;Mardin;
FR;TR;48;Mugla;
FR;TR;49;Mush;
FR;TR;50;Nevshehir;
FR;TR;51;Nigde;
FR;TR;52;Ordu;
FR;TR;53;Rize;
FR;TR;54;Sakarya;
FR;TR;55;Samsun;
FR;TR;56;Siirt;
FR;TR;57;Sinop;
FR;TR;58;Sivas;
FR;TR;59;Tekirdag;
FR;TR;60;Tokat;
FR;TR;61;Trabzon;
FR;TR;62;Tunceli;
FR;TR;63;Shanliurfa;
FR;TR;64;Ushak;
FR;TR;65;Van;
FR;TR;66;Yozgat;
FR;TR;67;Zonguldak;
FR;TR;68;Aksaray;
FR;TR;69;Bayburt;
FR;TR;70;Karaman;
FR;TR;71;Kirikkale;
FR;TR;72;Batman;
FR;TR;73;Sirnak;
FR;TR;74;Bartin;
FR;TR;75;Ardahan;
FR;TR;76;Igdir;
FR;TR;77;Yalova;
FR;TR;78;Karabük;
FR;TR;79;Kilis;
FR;TR;80;Osmaniye;
FR;TR;81;Düzce;
FR;TT;ARI;Arima;
FR;TT;CHA;Chaguanas;
FR;TT;CTT;Couva/Tabaquite/Tal.;
FR;TT;DMN;Diego Martin;
FR;TT;MRC;Rio Claro-Mayaro;
FR;TT;PED;Penal-Debe;
FR;TT;POS;Port-d'Espagne;
FR;TT;PRT;Princes Town;
FR;TT;PTF;Point Fortin;
FR;TT;SFO;San Fernando;
FR;TT;SGE;Sangre Grande;
FR;TT;SIP;Siparia;
FR;TT;SJL;San Juan-Laventille;
FR;TT;TOB;Tobago;
FR;TT;TUP;Tunapuna-Piarco;
FR;TV;FUN;Funafuti;
FR;TV;NIT;Niutao;
FR;TV;NIU;Nui;
FR;TV;NKF;Nukufetau;
FR;TV;NKL;Nukulaelae;
FR;TV;NMA;Nanumea;
FR;TV;NMG;Nanumanga;
FR;TV;VAI;Vaitupu;
FR;TW;CHA;Changhua;
FR;TW;CYI;Chiayi;
FR;TW;CYQ;Chiayi;
FR;TW;FJN;Fu-chien;
FR;TW;HSQ;Hsinchu;
FR;TW;HSZ;Hsinchu;
FR;TW;HUA;Hualien;
FR;TW;ILA;Yilan;
FR;TW;KEE;Keelung;
FR;TW;KHH;Kaohsiung;
FR;TW;KIN;Jinmen;
FR;TW;KSH;Kao-hsiung;
FR;TW;LIE;Lienchiang;
FR;TW;MIA;Miaoli;
FR;TW;NAN;Nantou;
FR;TW;NWT;Nouveau Taipei;
FR;TW;PEN;Îles Pescadores;
FR;TW;PIF;Pingtung;
FR;TW;TAO;Taoyuan;
FR;TW;TNN;Taïnan;
FR;TW;TPE;Taipei;
FR;TW;TTT;Taïtung;
FR;TW;TWN;Taïwan;
FR;TW;TXG;Taichung;
FR;TW;YUN;Yunlin;
FR;TZ;01;Arusha;
FR;TZ;02;Dar es Salam;
FR;TZ;03;Dodoma;
FR;TZ;04;Iringa;
FR;TZ;05;Kagera;
FR;TZ;06;Pemba Nord;
FR;TZ;07;Unguja Nord;
FR;TZ;08;Kigoma;
FR;TZ;09;Kilimandjaro;
FR;TZ;10;Pemba Sud;
FR;TZ;11;Unguja Sud/Central;
FR;TZ;12;Lindi;
FR;TZ;13;Mara;
FR;TZ;14;Mbeya;
FR;TZ;15;Unguja Ville/Ouest;
FR;TZ;16;Morogoro;
FR;TZ;17;Mtwara;
FR;TZ;18;Mwanza;
FR;TZ;19;Pwani;
FR;TZ;20;Rukwa;
FR;TZ;21;Ruvuma;
FR;TZ;22;Shinyanga;
FR;TZ;23;Singida;
FR;TZ;24;Tabora;
FR;TZ;25;Tanga;
FR;TZ;26;Manyara;
FR;TZ;27;Geita;
FR;TZ;28;Katavi;
FR;TZ;29;Njombe;
FR;TZ;30;Simiyu;
FR;UA;05;Oblast de Vinnytsia;
FR;UA;07;Oblast de Volhynie;
FR;UA;09;Oblast de Louhansk;
FR;UA;12;Dnipropetrovsk;
FR;UA;14;Oblast de Donetsk;
FR;UA;18;Oblast de Jytomyr;
FR;UA;21;Oblast Transcarpatie;
FR;UA;23;Oblast de Zaporijia;
FR;UA;26;Obl. Ivano-Frankivsk;
FR;UA;30;Kiev;
FR;UA;32;Oblast de Kiev;
FR;UA;35;Oblast de Kirovohrad;
FR;UA;40;Sébastopol;
FR;UA;43;République de Crimée;
FR;UA;46;Oblast de Lviv;
FR;UA;48;Oblast de Mykolaïv;
FR;UA;51;Oblast d'Odessa;
FR;UA;53;Oblast de Poltava;
FR;UA;56;Oblast de Rivne;
FR;UA;59;Oblast de Soumy;
FR;UA;61;Oblast de Ternopil;
FR;UA;63;Oblast de Kharkiv;
FR;UA;65;Oblast de Kherson;
FR;UA;68;Khmelnitski;
FR;UA;71;Oblast de Tcherkassy;
FR;UA;74;Oblast de Tchernihiv;
FR;UA;77;Oblast Tchernovitsy;
FR;UA;CHG;Chernigivs'ka;
FR;UA;CHR;Cherkas'ka;
FR;UA;CHV;Chernovits'ka;
FR;UA;DNP;Dnipropetrovs'ka;
FR;UA;DON;Donets'ka;
FR;UA;HAR;Harkivs'ka;
FR;UA;HML;Hmel'nits'ka;
FR;UA;HRS;Hersons'ka;
FR;UA;IVF;Ivano-Frankivs'ka;
FR;UA;KIE;Kievs'ka;
FR;UA;KIR;Kirovograds'ka;
FR;UA;KRM;Répubique de Crimée;
FR;UA;L'V;L'vivsbka;
FR;UA;LUG;Lugans'ka;
FR;UA;MIK;Mikolaivs'ka;
FR;UA;M_K;Kiev;
FR;UA;M_S;Sebastopol;
FR;UA;ODS;Odessa;
FR;UA;POL;Poltavs'ka;
FR;UA;RIV;Rivnens'ka;
FR;UA;SUM;Sums'ka;
FR;UA;TER;Ternopil's'ka;
FR;UA;VIN;Vinnits'ka;
FR;UA;VOL;Volins'ka;
FR;UA;ZAK;Zakarpats'ka;
FR;UA;ZAP;Zaporiz'ka;
FR;UA;ZHI;Zhitomirs'ka;
FR;UG;C;Région du Centre;
FR;UG;E;Province de l'Est;
FR;UG;N;Province du Nord;
FR;UG;W;Province de l'Ouest;
FR;UM;67;Atoll Johnston;
FR;UM;71;Îles Midway;
FR;UM;76;Île de la Navasse;
FR;UM;79;Wake;
FR;UM;81;Île Baker;
FR;UM;84;Île Howland;
FR;UM;86;Île Jarvis;
FR;UM;89;Récif Kingman;
FR;UM;95;Atoll Palmyra;
FR;US;AA;F.armées Amériques;
FR;US;AE;F.arméesEur./MO/Afr.;
FR;US;AK;Alaska;
FR;US;AL;Alabama;
FR;US;AP;F. armées Pacifique;
FR;US;AR;Arkansas;
FR;US;AS;Samoa américaines;
FR;US;AZ;Arizona;
FR;US;CA;Californie;
FR;US;CO;Colorado;
FR;US;CT;Connecticut;
FR;US;DC;District de Columbia;
FR;US;DE;Delaware;
FR;US;FL;Floride;
FR;US;GA;Géorgie;
FR;US;GU;Guam;
FR;US;HI;Hawaii;
FR;US;IA;Iowa;
FR;US;ID;Idaho;
FR;US;IL;Illinois;
FR;US;IN;Indiana;
FR;US;KS;Kansas;
FR;US;KY;Kentucky;
FR;US;LA;Louisiane;
FR;US;MA;Massachusetts;
FR;US;MD;Maryland;
FR;US;ME;Maine;
FR;US;MI;Michigan;
FR;US;MN;Minnesota;
FR;US;MO;Missouri;
FR;US;MP;Îles Mariannes Nord;
FR;US;MS;Mississippi;
FR;US;MT;Montana;
FR;US;NC;Caroline du Nord;
FR;US;ND;Dakota du Nord;
FR;US;NE;Nebraska;
FR;US;NH;New Hampshire;
FR;US;NJ;New Jersey;
FR;US;NM;Nouveau Mexique;
FR;US;NV;Nevada;
FR;US;NY;New York;
FR;US;OH;Ohio;
FR;US;OK;Oklahoma;
FR;US;OR;Oregon;
FR;US;PA;Pennsylvanie;
FR;US;PR;Porto Rico;
FR;US;RI;Rhode Island;
FR;US;SC;Caroline du Sud;
FR;US;SD;Dakota du Sud;
FR;US;TN;Tennessee;
FR;US;TX;Texas;
FR;US;UM;US Minor Outl. Isl.;
FR;US;UT;Utah;
FR;US;VA;Virginie;
FR;US;VI;Îles Vierges (EU);
FR;US;VT;Vermont;
FR;US;WA;Washington;
FR;US;WI;Wisconsin;
FR;US;WV;Virginie-Occidentale;
FR;US;WY;Wyoming;
FR;UY;AR;Artigas;
FR;UY;CA;Canelones;
FR;UY;CL;Cerro Largo;
FR;UY;CO;Colonia;
FR;UY;DU;Durazno;
FR;UY;FD;Floride;
FR;UY;FS;Flores;
FR;UY;LA;Lavalleja;
FR;UY;MA;Maldonado;
FR;UY;MO;Montevideo;
FR;UY;PA;Paysandú;
FR;UY;RN;Río Negro;
FR;UY;RO;Rocha;
FR;UY;RV;Rivera;
FR;UY;SA;Salto;
FR;UY;SJ;San José;
FR;UY;SO;Soriano;
FR;UY;TA;Tacuarembó;
FR;UY;TT;Treinta y Tres;
FR;UZ;AN;Andijan;
FR;UZ;BU;Boukhara;
FR;UZ;FA;Ferghana;
FR;UZ;JI;Djizak;
FR;UZ;NG;Namangan;
FR;UZ;NW;Navoï;
FR;UZ;QA;Kachkadaria;
FR;UZ;QR;Karakalpakistan;
FR;UZ;SA;Samarcande;
FR;UZ;SI;Sirdaryo;
FR;UZ;SU;Sourkhan-Daria;
FR;UZ;TK;Tachkent (ville);
FR;UZ;TO;Tachkent (région);
FR;UZ;XO;Khorezm;
FR;VE;A;District capitale;
FR;VE;AMA;Amazonas;
FR;VE;ANZ;Anzoategui;
FR;VE;APU;Apure;
FR;VE;ARA;Aragua;
FR;VE;B;Anzoátegui;
FR;VE;BAR;Barinas;
FR;VE;BOL;Bolivar;
FR;VE;C;Apure;
FR;VE;CAR;Carabobo;
FR;VE;COJ;Cojedes;
FR;VE;D;Aragua;
FR;VE;DA;Delta Amacuro;
FR;VE;DF;Distrito Federal;
FR;VE;E;Barinas;
FR;VE;F;Bolívar;
FR;VE;FAL;Falcon;
FR;VE;G;Carabobo;
FR;VE;GUA;Guarico;
FR;VE;H;Cojedes;
FR;VE;I;Falcón;
FR;VE;J;Guárico;
FR;VE;K;Lara;
FR;VE;L;Mérida;
FR;VE;LAR;Lara;
FR;VE;M;Miranda;
FR;VE;MER;Merida;
FR;VE;MIR;Miranda;
FR;VE;MON;Monagas;
FR;VE;N;Monagas;
FR;VE;NE;Nueva Esparta;
FR;VE;O;Nueva Esparta;
FR;VE;P;Portuguesa;
FR;VE;POR;Portuguesa;
FR;VE;R;Sucre;
FR;VE;S;Táchira;
FR;VE;SUC;Sucre;
FR;VE;T;Trujillo;
FR;VE;TAC;Tachira;
FR;VE;TRU;Trujillo;
FR;VE;U;Yaracuy;
FR;VE;V;Zulia;
FR;VE;VAR;Vargas;
FR;VE;W;Dépendances Fédéral.;
FR;VE;X;Vargas;
FR;VE;Y;Delta Amacuro;
FR;VE;YAR;Yaracuy;
FR;VE;Z;Amazonie;
FR;VE;ZUL;Zulia;
FR;VN;01;Lai Châu;
FR;VN;02;Lào Cai;
FR;VN;03;Hà Giang;
FR;VN;04;Cao Bang;
FR;VN;05;Son La;
FR;VN;06;Yên Bái;
FR;VN;07;Tuyên Quang;
FR;VN;09;Lang Son;
FR;VN;13;Quang Ninh;
FR;VN;14;Hòa Bình;
FR;VN;18;Ninh Bình;
FR;VN;20;Thái Bình;
FR;VN;21;Thanh Hóa;
FR;VN;22;Nghe An;
FR;VN;23;Ha Tinh;
FR;VN;24;Quang Binh;
FR;VN;25;Quang Tri;
FR;VN;26;Thua Thiên-Hué;
FR;VN;27;Quang Nam;
FR;VN;28;Kon Tum;
FR;VN;29;Quang Ngai;
FR;VN;30;Gia Lai;
FR;VN;31;Binh Dinh;
FR;VN;32;Phú Yên;
FR;VN;33;Dak Lak;
FR;VN;34;Khánh Hòa;
FR;VN;35;Lam Dong;
FR;VN;36;Ninh Thuan;
FR;VN;37;Tây Ninh;
FR;VN;39;Dong Nai;
FR;VN;40;Binh Thuan;
FR;VN;41;Long An;
FR;VN;43;Ba Ria - Vung Tau;
FR;VN;44;An Giang;
FR;VN;45;Dong Thap;
FR;VN;46;Tien Giang;
FR;VN;47;Kiên Giang;
FR;VN;49;Vinh Long;
FR;VN;50;Ben Tre;
FR;VN;51;Trà Vinh;
FR;VN;52;Sóc Trang;
FR;VN;53;Bac Kan;
FR;VN;54;Bac Giang;
FR;VN;55;Bac Lieu;
FR;VN;56;Bac Ninh;
FR;VN;57;Binh Duong;
FR;VN;58;Binh Phuoc;
FR;VN;59;Cà Mau;
FR;VN;61;Hai Duong;
FR;VN;63;Hà Nam;
FR;VN;66;Hung Yen;
FR;VN;67;Nam Dinh;
FR;VN;68;Phú Tho;
FR;VN;69;Thái Nguyên;
FR;VN;70;Vinh Phúc;
FR;VN;71;Diên Biên;
FR;VN;72;Dak Nong;
FR;VN;73;Hau Giang;
FR;VN;CT;Can Tho;
FR;VN;DN;Da Nang;
FR;VN;HN;Hanoï;
FR;VN;HP;Haïphong;
FR;VN;SG;Hô Chi Minh;
FR;VU;MAP;Malampa;
FR;VU;PAM;Pénama;
FR;VU;SAM;Sanma;
FR;VU;SEE;Shéfa;
FR;VU;TAE;Taféa;
FR;VU;TOB;Torba;
FR;WS;AA;A'ana;
FR;WS;AL;Aiga-i-le-Tai;
FR;WS;AT;Atua;
FR;WS;FA;Fa'aaaleleaga;
FR;WS;GE;Gaga'emauga;
FR;WS;GI;Gaga'ifomauga;
FR;WS;PA;Palauli;
FR;WS;SA;Satupa'itea;
FR;WS;TU;Tuamasaga;
FR;WS;VF;Va'a-o-Fonoti;
FR;WS;VS;Vaisigano;
FR;YE;AB;Abyan;
FR;YE;AD;Aden;
FR;YE;AM;Amran;
FR;YE;BA;Al Bayda';
FR;YE;DA;Ad Dali';
FR;YE;DH;Dhamar;
FR;YE;HD;Hadramaout;
FR;YE;HJ;Hajjah;
FR;YE;HU;Al Hudaydah;
FR;YE;IB;Ibb;
FR;YE;JA;Al Jawf;
FR;YE;LA;Lahij;
FR;YE;MA;Marib;
FR;YE;MR;Mahra;
FR;YE;MW;Al Mahwit;
FR;YE;RA;Raymah;
FR;YE;SA;Amanat Al Asimah;
FR;YE;SD;Sa'dah;
FR;YE;SH;Chabwa;
FR;YE;SN;Sanaa;
FR;YE;SU;Archipel de Socotra;
FR;YE;TA;Ta'izz;
FR;ZA;EC;Cap-Oriental;
FR;ZA;FS;État-Libre;
FR;ZA;GP;Gauteng;
FR;ZA;LP;Limpopo;
FR;ZA;MP;Mpumalanga;
FR;ZA;NC;Cap-du-Nord;
FR;ZA;NW;Nord-Ouest;
FR;ZA;WC;Cap-Occidental;
FR;ZA;ZN;KwaZulu-Natal;
FR;ZM;01;Province de l'Ouest;
FR;ZM;02;Région du Centre;
FR;ZM;03;Province de l'Est;
FR;ZM;04;Luapula;
FR;ZM;05;Province du Nord;
FR;ZM;06;Nord-Occidentale;
FR;ZM;07;Province du Sud;
FR;ZM;08;Copperbelt;
FR;ZM;09;Lusaka;
FR;ZM;10;Muchinga;
FR;ZW;BU;Bulawayo;
FR;ZW;HA;Harare;
FR;ZW;MA;Manicaland;
FR;ZW;MC;Mashonaland central;
FR;ZW;ME;Mashonaland oriental;
FR;ZW;MI;Midlands;
FR;ZW;MN;Matabeleland sept.;
FR;ZW;MS;Matabeleland mérid.;
FR;ZW;MV;Masvingo;
FR;ZW;MW;Mashonaland occid.;
